Unnamed: 0,Unit,PowerCapacity,Nunits,Zone,Zone_th,Zone_h2,Technology,Fuel,Efficiency,MinUpTime,MinDownTime,RampUpRate,RampDownRate,StartUpCost,NoLoadCost_pu,RampingCost,PartLoadMin,MinEfficiency,StartUpTime,CO2Intensity,CHPType,CHPPowerToHeat,CHPPowerLossFactor,CHPMaxHeat,COP,Tnominal,coef_COP_a,coef_COP_b,STOCapacity,STOSelfDischarge,STOMaxChargingPower,STOChargingEfficiency,WaterWithdrawal,WaterConsumption,Status,Source,Company,Lat,Lon
,Ruien Energy Storage,25.1,,BE,,,,Other,,,,,,,,,,,,,,,,,,,,,,,,,,,,,,,
,HERDERSBRUG ST,167.0,,BE,,,,NG,,,,,,,,,,,,,,,,,,,,,,,,,,,,,,,
,Lanaken Sappi,43.0,,BE,,,WKK,NG,,,,,,,,,,,,,,,,,,,,,,,,,,,,,,,
,LANGERBRUGGE STORA ST 1,11.0,,BE,,,WKK,Other,,,,,,,,,,,,,,,,,,,,,,,,,,,,,,,
,Lillo Degussa GT2,32.0,,BE,,,WKK,NG,,,,,,,,,,,,,,,,,,,,,,,,,,,,,,,
,Oorderen Bayer,43.0,,BE,,,WKK,NG,,,,,,,,,,,,,,,,,,,,,,,,,,,,,,,
,Oud-Lillo Monsanto,43.0,,BE,,,WKK,NG,,,,,,,,,,,,,,,,,,,,,,,,,,,,,,,
,SAINT-GHISLAIN STEG,386.0,,BE,,,CCGT,NG,,,,,,,,,,,,,,,,,,,,,,,,,,,,,,,
,Schaerbeek Siomab ST2,15.0,,BE,,,IS,Other,,,,,,,,,,,,,,,,,,,,,,,,,,,,,,,
,TIHANGE 1S,481.0,,BE,,,NU,NU,,,,,,,,,,,,,,,,,,,,,,,,,,,,,,,
,Turon TJ,18.6,,BE,,,TJ,LF,,,,,,,,,,,,,,,,,,,,,,,,,,,,,,,
,ICO Windpark Zeebrugge,44.0,,BE,,,,WI,,,,,,,,,,,,,,,,,,,,,,,,,,,,,,,
,Wilrijk Isvag,12.0,,BE,,,IS,Other,,,,,,,,,,,,,,,,,,,,,,,,,,,,,,,
,Marcinelle Energie (Carsid),413.0,,BE,,,CCGT,NG,,,,,,,,,,,,,,,,,,,,,,,,,,,,,,,
,Amercoeur 1 R GT,289.0,,BE,,,,NG,,,,,,,,,,,,,,,,,,,,,,,,,,,,,,,
,Belwind Phase 1,171.0,,BE,,,,WI,,,,,,,,,,,,,,,,,,,,,,,,,,,,,,,
,BEVERCE 3,2.9,,BE,,,HU,WA,,,,,,,,,,,,,,,,,,,,,,,,,,,,,,,
,Beveren Ineos Phenolchemie,23.8,,BE,,,WKK,NG,,,,,,,,,,,,,,,,,,,,,,,,,,,,,,,
,COO I T,474.0,,BE,,,,WA,,,,,,,,,,,,,,,,,,,,,,,,,,,,,,,
,DOEL 1,445.0,,BE,,,NU,NU,,,,,,,,,,,,,,,,,,,,,,,,,,,,,,,
,DOEL 2,445.0,,BE,,,NU,NU,,,,,,,,,,,,,,,,,,,,,,,,,,,,,,,
,DROGENBOS DM 51,2.5,,BE,,,D,LF,,,,,,,,,,,,,,,,,,,,,,,,,,,,,,,
,DROGENBOS GT2,150.0,,BE,,,,NG,,,,,,,,,,,,,,,,,,,,,,,,,,,,,,,
,HU AMPSIN-NEUVILLE,9.9,,BE,,,,WA,,,,,,,,,,,,,,,,,,,,,,,,,,,,,,,
,HU GRAND-MALADES,5.0,,BE,,,,WA,,,,,,,,,,,,,,,,,,,,,,,,,,,,,,,
,Intradel Herstal,30.0,,BE,,,IS,Other,,,,,,,,,,,,,,,,,,,,,,,,,,,,,,,
,Luminus Villers-le-Bouillet WIND,44.9,,BE,,,,WI,,,,,,,,,,,,,,,,,,,,,,,,,,,,,,,
,Taminco (Gent) WKK,6.3,,BE,,,WKK,NG,,,,,,,,,,,,,,,,,,,,,,,,,,,,,,,
,Biostoom Oostende,19.4,,BE,,,CCGT,Other,,,,,,,,,,,,,,,,,,,,,,,,,,,,,,,
,T-power Beringen,422.0,,BE,,,CCGT,NG,,,,,,,,,,,,,,,,,,,,,,,,,,,,,,,
,EDF Luminus Seraing GT1,150.0,,BE,,,,NG,,,,,,,,,,,,,,,,,,,,,,,,,,,,,,,
,Zwijndrecht Lanxess GT,43.0,,BE,,,WKK,NG,,,,,,,,,,,,,,,,,,,,,,,,,,,,,,,
,Zwijndrecht Lanxess ST,15.0,,BE,,,WKK,NG,,,,,,,,,,,,,,,,,,,,,,,,,,,,,,,
,Greenpower Oostende,20.3,,BE,,,IS,Other,,,,,,,,,,,,,,,,,,,,,,,,,,,,,,,
,Aspiravi Wuustwezel,27.6,,BE,,,,WI,,,,,,,,,,,,,,,,,,,,,,,,,,,,,,,
,ANGLEUR TG 42,64.0,,BE,,,GT,NG,,,,,,,,,,,,,,,,,,,,,,,,,,,,,,,
,IXELLES TJ,18.0,,BE,,,TJ,LF,,,,,,,,,,,,,,,,,,,,,,,,,,,,,,,
,La Vierre,1.9,,BE,,,,WA,,,,,,,,,,,,,,,,,,,,,,,,,,,,,,,
,Noordschote TJ,18.0,,BE,,,TJ,LF,,,,,,,,,,,,,,,,,,,,,,,,,,,,,,,
,Norther Offshore WP,369.6,,BE,,,,WI,,,,,,,,,,,,,,,,,,,,,,,,,,,,,,,
,Northwind,216.0,,BE,,,,WI,,,,,,,,,,,,,,,,,,,,,,,,,,,,,,,
,RODENHUIZE 4,268.0,,BE,,,CL,Other,,,,,,,,,,,,,,,,,,,,,,,,,,,,,,,
,Scheldelaan Exxonmobil,140.0,,BE,,,WKK,NG,,,,,,,,,,,,,,,,,,,,,,,,,,,,,,,
,TIHANGE 3,1038.0,,BE,,,NU,NU,,,,,,,,,,,,,,,,,,,,,,,,,,,,,,,
,HERDERSBRUG GT1,157.0,,BE,,,,NG,,,,,,,,,,,,,,,,,,,,,,,,,,,,,,,
,Aalst Syral GT,43.0,,BE,,,WKK,NG,,,,,,,,,,,,,,,,,,,,,,,,,,,,,,,
,Aalst Syral ST,5.0,,BE,,,WKK,NG,,,,,,,,,,,,,,,,,,,,,,,,,,,,,,,
,AALTER TJ,18.0,,BE,,,TJ,LF,,,,,,,,,,,,,,,,,,,,,,,,,,,,,,,
,BEERSE TJ,32.0,,BE,,,TJ,LF,,,,,,,,,,,,,,,,,,,,,,,,,,,,,,,
,BEVERCE 1,2.9,,BE,,,HU,WA,,,,,,,,,,,,,,,,,,,,,,,,,,,,,,,
,BEVERCE 2,2.9,,BE,,,HU,WA,,,,,,,,,,,,,,,,,,,,,,,,,,,,,,,
,CIERREUX TJ,18.0,,BE,,,TJ,LF,,,,,,,,,,,,,,,,,,,,,,,,,,,,,,,
,DROGENBOS DM 52,2.5,,BE,,,D,LF,,,,,,,,,,,,,,,,,,,,,,,,,,,,,,,
,Kristal _ Solar _ Park,99.0,,BE,,,,Other,,,,,,,,,,,,,,,,,,,,,,,,,,,,,,,
,RINGVAART STEG,385.0,,BE,,,CCGT,NG,,,,,,,,,,,,,,,,,,,,,,,,,,,,,,,
,HAM32,58.0,,BE,,,GT,NG,,,,,,,,,,,,,,,,,,,,,,,,,,,,,,,
,HU ANDENNE,9.0,,BE,,,,WA,,,,,,,,,,,,,,,,,,,,,,,,,,,,,,,
,HU FLORIFFOUX,0.8,,BE,,,,WA,,,,,,,,,,,,,,,,,,,,,,,,,,,,,,,
,HU IVOZ-RAMET,10.0,,BE,,,,WA,,,,,,,,,,,,,,,,,,,,,,,,,,,,,,,
,HU LIXHE,20.0,,BE,,,HU,WA,,,,,,,,,,,,,,,,,,,,,,,,,,,,,,,
,Nobelwind Offshore Windpark,165.0,,BE,,,,WI,,,,,,,,,,,,,,,,,,,,,,,,,,,,,,,
,INESCO GT1,44.8,,BE,,,,NG,,,,,,,,,,,,,,,,,,,,,,,,,,,,,,,
,ZEEBRUGGE WIND,12.0,,BE,,,,WI,,,,,,,,,,,,,,,,,,,,,,,,,,,,,,,
,Wilmarsdonk Total GT2,43.0,,BE,,,WKK,NG,,,,,,,,,,,,,,,,,,,,,,,,,,,,,,,
,Deux-Acren Energy Storage,50.0,,BE,,,,Other,,,,,,,,,,,,,,,,,,,,,,,,,,,,,,,
,ANGLEUR TGV3,50.0,,BE,,,CCGT,NG,,,,,,,,,,,,,,,,,,,,,,,,,,,,,,,
,Electrawinds biomassa Oostende,18.0,,BE,,,WKK,Other,,,,,,,,,,,,,,,,,,,,,,,,,,,,,,,
,Seastar Offshore WP,252.0,,BE,,,,WI,,,,,,,,,,,,,,,,,,,,,,,,,,,,,,,
,Zeebrugge TJ,18.0,,BE,,,TJ,LF,,,,,,,,,,,,,,,,,,,,,,,,,,,,,,,
,Rentel Offshore WP,307.0,,BE,,,,WI,,,,,,,,,,,,,,,,,,,,,,,,,,,,,,,
,ANGLEUR TG 41,64.0,,BE,,,GT,NG,,,,,,,,,,,,,,,,,,,,,,,,,,,,,,,
,Eurosilo,12.9,,BE,,,WKK,NG,,,,,,,,,,,,,,,,,,,,,,,,,,,,,,,
,Infrabel Avernas Greensky Wind,32.0,,BE,,,,WI,,,,,,,,,,,,,,,,,,,,,,,,,,,,,,,
,IVBO,16.0,,BE,,,IS,Other,,,,,,,,,,,,,,,,,,,,,,,,,,,,,,,
,LANGERBRUGGE STORA ST 2,44.7,,BE,,,WKK,Other,,,,,,,,,,,,,,,,,,,,,,,,,,,,,,,
,Lillo Degussa GT1,43.0,,BE,,,WKK,NG,,,,,,,,,,,,,,,,,,,,,,,,,,,,,,,
,Lillo Degussa ST,10.0,,BE,,,WKK,NG,,,,,,,,,,,,,,,,,,,,,,,,,,,,,,,
,Schaerbeek Siomab ST1,15.0,,BE,,,IS,Other,,,,,,,,,,,,,,,,,,,,,,,,,,,,,,,
,Schaerbeek Siomab ST3,15.0,,BE,,,IS,Other,,,,,,,,,,,,,,,,,,,,,,,,,,,,,,,
,TIHANGE 1N,481.0,,BE,,,NU,NU,,,,,,,,,,,,,,,,,,,,,,,,,,,,,,,
,TIHANGE 2,1008.0,,BE,,,NU,NU,,,,,,,,,,,,,,,,,,,,,,,,,,,,,,,
,VILVOORDE GT,264.0,,BE,,,,NG,,,,,,,,,,,,,,,,,,,,,,,,,,,,,,,
,HERDERSBRUG GT2,156.3,,BE,,,,NG,,,,,,,,,,,,,,,,,,,,,,,,,,,,,,,
,Froidchapelle Wind,25.0,,BE,,,,WI,,,,,,,,,,,,,,,,,,,,,,,,,,,,,,,
,Windvision Estinnes WIND,81.2,,BE,,,,WI,,,,,,,,,,,,,,,,,,,,,,,,,,,,,,,
,Amercoeur 1 R ST,162.0,,BE,,,,NG,,,,,,,,,,,,,,,,,,,,,,,,,,,,,,,
,ArcelorMittal Belgium Gent Wind EBL,17.3,,BE,,,,WI,,,,,,,,,,,,,,,,,,,,,,,,,,,,,,,
,BUTGENBACH,1.8,,BE,,,HU,WA,,,,,,,,,,,,,,,,,,,,,,,,,,,,,,,
,COO II T,690.0,,BE,,,,WA,,,,,,,,,,,,,,,,,,,,,,,,,,,,,,,
,DOEL 4,1039.0,,BE,,,NU,NU,,,,,,,,,,,,,,,,,,,,,,,,,,,,,,,
,DROGENBOS GT1,150.0,,BE,,,,NG,,,,,,,,,,,,,,,,,,,,,,,,,,,,,,,
,DROGENBOS ST,160.0,,BE,,,,NG,,,,,,,,,,,,,,,,,,,,,,,,,,,,,,,
,VILVOORDE ST,121.0,,BE,,,,NG,,,,,,,,,,,,,,,,,,,,,,,,,,,,,,,
,Zandvliet Power,386.2,,BE,,,CCGT,NG,,,,,,,,,,,,,,,,,,,,,,,,,,,,,,,
,EDF Luminus Seraing GT2,150.0,,BE,,,,NG,,,,,,,,,,,,,,,,,,,,,,,,,,,,,,,
,HAM31,58.0,,BE,,,GT,NG,,,,,,,,,,,,,,,,,,,,,,,,,,,,,,,
,HU MONSIN,19.7,,BE,,,,WA,,,,,,,,,,,,,,,,,,,,,,,,,,,,,,,
,SERAING TV,170.0,,BE,,,,NG,,,,,,,,,,,,,,,,,,,,,,,,,,,,,,,
,EDF Luminus Izegem WKK,20.0,,BE,,,WKK,NG,,,,,,,,,,,,,,,,,,,,,,,,,,,,,,,
,INESCO GT2,44.8,,BE,,,,NG,,,,,,,,,,,,,,,,,,,,,,,,,,,,,,,
,INESCO ST,48.5,,BE,,,,NG,,,,,,,,,,,,,,,,,,,,,,,,,,,,,,,
,Northwester 2,219.1,,BE,,,,WI,,,,,,,,,,,,,,,,,,,,,,,,,,,,,,,
,Thorntonbank - C-Power - Area NE,147.6,,BE,,,,WI,,,,,,,,,,,,,,,,,,,,,,,,,,,,,,,
,Zedelgem TJ,18.0,,BE,,,TJ,LF,,,,,,,,,,,,,,,,,,,,,,,,,,,,,,,
,Wilmarsdonk Total GT3,43.0,,BE,,,WKK,NG,,,,,,,,,,,,,,,,,,,,,,,,,,,,,,,
,Wilmarsdonk Total GT1,43.0,,BE,,,WKK,NG,,,,,,,,,,,,,,,,,,,,,,,,,,,,,,,
,EDF Luminus Ham GT,43.0,,BE,,,,NG,,,,,,,,,,,,,,,,,,,,,,,,,,,,,,,
,Beveren 2 Indaver,21.0,,BE,,,IS,Other,,,,,,,,,,,,,,,,,,,,,,,,,,,,,,,
,Zeebrugge 2 Fluxys,40.0,,BE,,,WKK,NG,,,,,,,,,,,,,,,,,,,,,,,,,,,,,,,
,Zelzate 2 Knippegroen,315.0,,BE,,,CL,Other,,,,,,,,,,,,,,,,,,,,,,,,,,,,,,,
,Zelzate TJ,18.0,,BE,,,TJ,LF,,,,,,,,,,,,,,,,,,,,,,,,,,,,,,,
,Mermaid Offshore WP,235.2,,BE,,,,WI,,,,,,,,,,,,,,,,,,,,,,,,,,,,,,,
,Thorntonbank - C-Power - Area SW,177.6,,BE,,,,WI,,,,,,,,,,,,,,,,,,,,,,,,,,,,,,,
,WM Park Powerport Zeebrugge,12.0,,BE,,,,WI,,,,,,,,,,,,,,,,,,,,,,,,,,,,,,,
,Beveren 3 Indaver,24.0,,BE,,,IS,Other,,,,,,,,,,,,,,,,,,,,,,,,,,,,,,,
,Incinerateur THUMAIDE (IPALLE),34.0,,BE,,,IS,Other,,,,,,,,,,,,,,,,,,,,,,,,,,,,,,,
,Beveren Sleco,41.0,,BE,,,IS,Other,,,,,,,,,,,,,,,,,,,,,,,,,,,,,,,
,PLATE-TAILLE T,144.0,,BE,,,,WA,,,,,,,,,,,,,,,,,,,,,,,,,,,,,,,
,Jemeppe-sur-Sambre ST,10.0,,BE,,,,NG,,,,,,,,,,,,,,,,,,,,,,,,,,,,,,,
,Jemeppe-sur-Sambre GT2,48.0,,BE,,,,NG,,,,,,,,,,,,,,,,,,,,,,,,,,,,,,,
,Jemeppe-sur-Sambre GT1,48.0,,BE,,,,NG,,,,,,,,,,,,,,,,,,,,,,,,,,,,,,,
,Aspiravi N49 Assenede,12.0,,BE,,,,WI,,,,,,,,,,,,,,,,,,,,,,,,,,,,,,,
,Northwind,216.0,,BE,,,,WI,,,,,,,,,,,,,,,,,,,,,,,,,,,,,,,
,Noordschote TJ,18.0,,BE,,,TJ,LF,,,,,,,,,,,,,,,,,,,,,,,,,,,,,,,
,Lanaken Sappi,43.0,,BE,,,WKK,NG,,,,,,,,,,,,,,,,,,,,,,,,,,,,,,,
,La Vierre,1.9,,BE,,,,WA,,,,,,,,,,,,,,,,,,,,,,,,,,,,,,,
,Oud-Lillo Monsanto,43.0,,BE,,,WKK,NG,,,,,,,,,,,,,,,,,,,,,,,,,,,,,,,
,SAINT-GHISLAIN STEG,350.0,,BE,,,CCGT,NG,,,,,,,,,,,,,,,,,,,,,,,,,,,,,,,
,Schaerbeek Siomab ST2,15.0,,BE,,,IS,Other,,,,,,,,,,,,,,,,,,,,,,,,,,,,,,,
,Scheldelaan Exxonmobil,140.0,,BE,,,WKK,NG,,,,,,,,,,,,,,,,,,,,,,,,,,,,,,,
,TIHANGE 1N,481.0,,BE,,,NU,NU,,,,,,,,,,,,,,,,,,,,,,,,,,,,,,,
,TIHANGE 3,1038.0,,BE,,,NU,NU,,,,,,,,,,,,,,,,,,,,,,,,,,,,,,,
,Windvision Estinnes WIND,81.2,,BE,,,,WI,,,,,,,,,,,,,,,,,,,,,,,,,,,,,,,
,Aalst Syral GT,43.0,,BE,,,WKK,NG,,,,,,,,,,,,,,,,,,,,,,,,,,,,,,,
,AALTER TJ,18.0,,BE,,,TJ,LF,,,,,,,,,,,,,,,,,,,,,,,,,,,,,,,
,BEERSE TJ,32.0,,BE,,,TJ,LF,,,,,,,,,,,,,,,,,,,,,,,,,,,,,,,
,Belwind Phase 1,171.0,,BE,,,,WI,,,,,,,,,,,,,,,,,,,,,,,,,,,,,,,
,BUTGENBACH,1.8,,BE,,,HU,WA,,,,,,,,,,,,,,,,,,,,,,,,,,,,,,,
,DROGENBOS DM 51,2.5,,BE,,,D,LF,,,,,,,,,,,,,,,,,,,,,,,,,,,,,,,
,DROGENBOS DM 52,2.5,,BE,,,D,LF,,,,,,,,,,,,,,,,,,,,,,,,,,,,,,,
,Wilmarsdonk Total GT1,43.0,,BE,,,WKK,NG,,,,,,,,,,,,,,,,,,,,,,,,,,,,,,,
,EDF Luminus Ham GT,43.0,,BE,,,,NG,,,,,,,,,,,,,,,,,,,,,,,,,,,,,,,
,EDF Luminus Seraing GT1,150.0,,BE,,,,NG,,,,,,,,,,,,,,,,,,,,,,,,,,,,,,,
,HU AMPSIN-NEUVILLE,9.9,,BE,,,,WA,,,,,,,,,,,,,,,,,,,,,,,,,,,,,,,
,HU GRAND-MALADES,5.0,,BE,,,,WA,,,,,,,,,,,,,,,,,,,,,,,,,,,,,,,
,RINGVAART STEG,385.0,,BE,,,CCGT,NG,,,,,,,,,,,,,,,,,,,,,,,,,,,,,,,
,SERAING TV,170.0,,BE,,,,NG,,,,,,,,,,,,,,,,,,,,,,,,,,,,,,,
,Biostoom Oostende,19.4,,BE,,,CCGT,Other,,,,,,,,,,,,,,,,,,,,,,,,,,,,,,,
,INESCO WKK,138.0,,BE,,,CCGT,NG,,,,,,,,,,,,,,,,,,,,,,,,,,,,,,,
,Beveren 2 Indaver,21.0,,BE,,,IS,Other,,,,,,,,,,,,,,,,,,,,,,,,,,,,,,,
,Thorntonbank - C-Power - Area SW,177.6,,BE,,,,WI,,,,,,,,,,,,,,,,,,,,,,,,,,,,,,,
,Zwijndrecht Lanxess GT,43.0,,BE,,,WKK,NG,,,,,,,,,,,,,,,,,,,,,,,,,,,,,,,
,Zwijndrecht Lanxess ST,15.0,,BE,,,WKK,NG,,,,,,,,,,,,,,,,,,,,,,,,,,,,,,,
,Zedelgem TJ,18.0,,BE,,,TJ,LF,,,,,,,,,,,,,,,,,,,,,,,,,,,,,,,
,WM Park Powerport Zeebrugge,12.0,,BE,,,,WI,,,,,,,,,,,,,,,,,,,,,,,,,,,,,,,
,Aspiravi N49 Assenede,12.0,,BE,,,,WI,,,,,,,,,,,,,,,,,,,,,,,,,,,,,,,
,Eurosilo,12.9,,BE,,,WKK,NG,,,,,,,,,,,,,,,,,,,,,,,,,,,,,,,
,Aspiravi Wuustwezel,27.6,,BE,,,,WI,,,,,,,,,,,,,,,,,,,,,,,,,,,,,,,
,Incinerateur THUMAIDE (IPALLE),34.0,,BE,,,IS,Other,,,,,,,,,,,,,,,,,,,,,,,,,,,,,,,
,LANGERBRUGGE STORA ST 2,44.7,,BE,,,WKK,Other,,,,,,,,,,,,,,,,,,,,,,,,,,,,,,,
,LANGERBRUGGE STORA ST 1,11.0,,BE,,,WKK,Other,,,,,,,,,,,,,,,,,,,,,,,,,,,,,,,
,IXELLES TJ,18.0,,BE,,,TJ,LF,,,,,,,,,,,,,,,,,,,,,,,,,,,,,,,
,Oorderen Bayer,43.0,,BE,,,WKK,NG,,,,,,,,,,,,,,,,,,,,,,,,,,,,,,,
,Schaerbeek Siomab ST3,15.0,,BE,,,IS,Other,,,,,,,,,,,,,,,,,,,,,,,,,,,,,,,
,RODENHUIZE 4,268.0,,BE,,,CL,Other,,,,,,,,,,,,,,,,,,,,,,,,,,,,,,,
,IVBO,16.0,,BE,,,IS,Other,,,,,,,,,,,,,,,,,,,,,,,,,,,,,,,
,CIERREUX TJ,18.0,,BE,,,TJ,LF,,,,,,,,,,,,,,,,,,,,,,,,,,,,,,,
,ICO Windpark Zeebrugge,44.0,,BE,,,,WI,,,,,,,,,,,,,,,,,,,,,,,,,,,,,,,
,Beveren Ineos Phenolchemie,23.8,,BE,,,WKK,NG,,,,,,,,,,,,,,,,,,,,,,,,,,,,,,,
,Wilmarsdonk Total GT2,43.0,,BE,,,WKK,NG,,,,,,,,,,,,,,,,,,,,,,,,,,,,,,,
,Aalst Syral ST,5.0,,BE,,,WKK,NG,,,,,,,,,,,,,,,,,,,,,,,,,,,,,,,
,HERDERSBRUG STEG,465.0,,BE,,,CCGT,NG,,,,,,,,,,,,,,,,,,,,,,,,,,,,,,,
,COO II T,690.0,,BE,,,,WA,,,,,,,,,,,,,,,,,,,,,,,,,,,,,,,
,DOEL 3,1006.0,,BE,,,NU,NU,,,,,,,,,,,,,,,,,,,,,,,,,,,,,,,
,DOEL 4,1039.0,,BE,,,NU,NU,,,,,,,,,,,,,,,,,,,,,,,,,,,,,,,
,Wilmarsdonk Total GT3,43.0,,BE,,,WKK,NG,,,,,,,,,,,,,,,,,,,,,,,,,,,,,,,
,EDF Luminus Izegem WKK,20.0,,BE,,,WKK,NG,,,,,,,,,,,,,,,,,,,,,,,,,,,,,,,
,HAM32,58.0,,BE,,,GT,NG,,,,,,,,,,,,,,,,,,,,,,,,,,,,,,,
,Jemeppe-sur-Sambre GT2,48.0,,BE,,,,NG,,,,,,,,,,,,,,,,,,,,,,,,,,,,,,,
,Beveren 3 Indaver,24.0,,BE,,,IS,Other,,,,,,,,,,,,,,,,,,,,,,,,,,,,,,,
,Jemeppe-sur-Sambre ST,10.0,,BE,,,,NG,,,,,,,,,,,,,,,,,,,,,,,,,,,,,,,
,ZEEBRUGGE WIND,12.0,,BE,,,,WI,,,,,,,,,,,,,,,,,,,,,,,,,,,,,,,
,Thorntonbank - C-Power - Area NE,147.6,,BE,,,,WI,,,,,,,,,,,,,,,,,,,,,,,,,,,,,,,
,Beveren Sleco,41.0,,BE,,,IS,Other,,,,,,,,,,,,,,,,,,,,,,,,,,,,,,,
,HU IVOZ-RAMET,10.0,,BE,,,,WA,,,,,,,,,,,,,,,,,,,,,,,,,,,,,,,
,Zeebrugge TJ,18.0,,BE,,,TJ,LF,,,,,,,,,,,,,,,,,,,,,,,,,,,,,,,
,Greenpower Oostende,20.3,,BE,,,IS,Other,,,,,,,,,,,,,,,,,,,,,,,,,,,,,,,
,Seastar Offshore WP,252.0,,BE,,,,WI,,,,,,,,,,,,,,,,,,,,,,,,,,,,,,,
,PLATE-TAILLE T,144.0,,BE,,,,WA,,,,,,,,,,,,,,,,,,,,,,,,,,,,,,,
,ANGLEUR TG 42,64.0,,BE,,,GT,NG,,,,,,,,,,,,,,,,,,,,,,,,,,,,,,,
,ANGLEUR TG 41,64.0,,BE,,,GT,NG,,,,,,,,,,,,,,,,,,,,,,,,,,,,,,,
,Rentel Offshore WP,307.0,,BE,,,,WI,,,,,,,,,,,,,,,,,,,,,,,,,,,,,,,
,Intradel Herstal,30.0,,BE,,,IS,Other,,,,,,,,,,,,,,,,,,,,,,,,,,,,,,,
,Lillo Degussa GT2,32.0,,BE,,,WKK,NG,,,,,,,,,,,,,,,,,,,,,,,,,,,,,,,
,Norther Offshore WP,369.6,,BE,,,,WI,,,,,,,,,,,,,,,,,,,,,,,,,,,,,,,
,Lillo Degussa ST,10.0,,BE,,,WKK,NG,,,,,,,,,,,,,,,,,,,,,,,,,,,,,,,
,Lillo Degussa GT1,43.0,,BE,,,WKK,NG,,,,,,,,,,,,,,,,,,,,,,,,,,,,,,,
,Schaerbeek Siomab ST1,15.0,,BE,,,IS,Other,,,,,,,,,,,,,,,,,,,,,,,,,,,,,,,
,TIHANGE 1S,481.0,,BE,,,NU,NU,,,,,,,,,,,,,,,,,,,,,,,,,,,,,,,
,TIHANGE 2,1008.0,,BE,,,NU,NU,,,,,,,,,,,,,,,,,,,,,,,,,,,,,,,
,Turon TJ,18.6,,BE,,,TJ,LF,,,,,,,,,,,,,,,,,,,,,,,,,,,,,,,
,Infrabel Avernas Greensky Wind,32.0,,BE,,,,WI,,,,,,,,,,,,,,,,,,,,,,,,,,,,,,,
,VILVOORDE GT,264.0,,BE,,,,NG,,,,,,,,,,,,,,,,,,,,,,,,,,,,,,,
,Froidchapelle Wind,25.0,,BE,,,,WI,,,,,,,,,,,,,,,,,,,,,,,,,,,,,,,
,Marcinelle Energie (Carsid),413.0,,BE,,,CCGT,NG,,,,,,,,,,,,,,,,,,,,,,,,,,,,,,,
,Amercoeur 1 R TGV,451.0,,BE,,,CCGT,NG,,,,,,,,,,,,,,,,,,,,,,,,,,,,,,,
,ArcelorMittal Belgium Gent Wind,33.5,,BE,,,,WI,,,,,,,,,,,,,,,,,,,,,,,,,,,,,,,
,COO I T,474.0,,BE,,,,WA,,,,,,,,,,,,,,,,,,,,,,,,,,,,,,,
,DOEL 1,445.0,,BE,,,NU,NU,,,,,,,,,,,,,,,,,,,,,,,,,,,,,,,
,DOEL 2,445.0,,BE,,,NU,NU,,,,,,,,,,,,,,,,,,,,,,,,,,,,,,,
,DROGENBOS GT1,150.0,,BE,,,,NG,,,,,,,,,,,,,,,,,,,,,,,,,,,,,,,
,DROGENBOS GT2,150.0,,BE,,,,NG,,,,,,,,,,,,,,,,,,,,,,,,,,,,,,,
,DROGENBOS ST,160.0,,BE,,,,NG,,,,,,,,,,,,,,,,,,,,,,,,,,,,,,,
,EDF Luminus Seraing GT2,150.0,,BE,,,,NG,,,,,,,,,,,,,,,,,,,,,,,,,,,,,,,
,Jemeppe-sur-Sambre GT1,48.0,,BE,,,,NG,,,,,,,,,,,,,,,,,,,,,,,,,,,,,,,
,HAM31,58.0,,BE,,,GT,NG,,,,,,,,,,,,,,,,,,,,,,,,,,,,,,,
,HU ANDENNE,9.0,,BE,,,,WA,,,,,,,,,,,,,,,,,,,,,,,,,,,,,,,
,HU FLORIFFOUX,0.8,,BE,,,,WA,,,,,,,,,,,,,,,,,,,,,,,,,,,,,,,
,HU LIXHE,20.0,,BE,,,HU,WA,,,,,,,,,,,,,,,,,,,,,,,,,,,,,,,
,HU MONSIN,19.7,,BE,,,,WA,,,,,,,,,,,,,,,,,,,,,,,,,,,,,,,
,Nobelwind Offshore Windpark,165.0,,BE,,,,WI,,,,,,,,,,,,,,,,,,,,,,,,,,,,,,,
,Northwester 2,219.1,,BE,,,,WI,,,,,,,,,,,,,,,,,,,,,,,,,,,,,,,
,T-power Beringen,422.0,,BE,,,CCGT,NG,,,,,,,,,,,,,,,,,,,,,,,,,,,,,,,
,Wilrijk Isvag,12.0,,BE,,,IS,Other,,,,,,,,,,,,,,,,,,,,,,,,,,,,,,,
,Zandvliet Power,386.2,,BE,,,CCGT,NG,,,,,,,,,,,,,,,,,,,,,,,,,,,,,,,
,ANGLEUR TG32,25.0,,BE,,,,NG,,,,,,,,,,,,,,,,,,,,,,,,,,,,,,,
,Zeebrugge 2 Fluxys,40.0,,BE,,,WKK,NG,,,,,,,,,,,,,,,,,,,,,,,,,,,,,,,
,Zelzate 2 Knippegroen,315.0,,BE,,,CL,Other,,,,,,,,,,,,,,,,,,,,,,,,,,,,,,,
,Zelzate TJ,18.0,,BE,,,TJ,LF,,,,,,,,,,,,,,,,,,,,,,,,,,,,,,,
,Electrawinds biomassa Oostende,18.0,,BE,,,WKK,Other,,,,,,,,,,,,,,,,,,,,,,,,,,,,,,,
,Mermaid Offshore WP,237.0,,BE,,,,WI,,,,,,,,,,,,,,,,,,,,,,,,,,,,,,,
,ANGLEUR TG31,25.0,,BE,,,,NG,,,,,,,,,,,,,,,,,,,,,,,,,,,,,,,
,Lillo Degussa ST,10.0,,BE,,,WKK,NG,,,,,,,,,,,,,,,,,,,,,,,,,,,,,,,
,Noordschote TJ,18.0,,BE,,,TJ,LF,,,,,,,,,,,,,,,,,,,,,,,,,,,,,,,
,LANGERBRUGGE STORA ST 2,44.7,,BE,,,WKK,Other,,,,,,,,,,,,,,,,,,,,,,,,,,,,,,,
,LANGERBRUGGE STORA ST 1,11.0,,BE,,,WKK,Other,,,,,,,,,,,,,,,,,,,,,,,,,,,,,,,
,Oud-Lillo Monsanto,43.0,,BE,,,WKK,NG,,,,,,,,,,,,,,,,,,,,,,,,,,,,,,,
,Scheldelaan Exxonmobil,140.0,,BE,,,WKK,NG,,,,,,,,,,,,,,,,,,,,,,,,,,,,,,,
,TIHANGE 2,1008.0,,BE,,,NU,NU,,,,,,,,,,,,,,,,,,,,,,,,,,,,,,,
,Infrabel Avernas Greensky Wind,32.0,,BE,,,,WI,,,,,,,,,,,,,,,,,,,,,,,,,,,,,,,
,ICO Windpark Zeebrugge,44.0,,BE,,,,WI,,,,,,,,,,,,,,,,,,,,,,,,,,,,,,,
,Wilmarsdonk Total GT2,43.0,,BE,,,WKK,NG,,,,,,,,,,,,,,,,,,,,,,,,,,,,,,,
,AALTER TJ,18.0,,BE,,,TJ,LF,,,,,,,,,,,,,,,,,,,,,,,,,,,,,,,
,BEERSE TJ,32.0,,BE,,,TJ,LF,,,,,,,,,,,,,,,,,,,,,,,,,,,,,,,
,Belwind Phase 1,171.0,,BE,,,,WI,,,,,,,,,,,,,,,,,,,,,,,,,,,,,,,
,COO II T,690.0,,BE,,,,WA,,,,,,,,,,,,,,,,,,,,,,,,,,,,,,,
,DOEL 4,1039.0,,BE,,,NU,NU,,,,,,,,,,,,,,,,,,,,,,,,,,,,,,,
,HERDERSBRUG STEG,465.0,,BE,,,CCGT,NG,,,,,,,,,,,,,,,,,,,,,,,,,,,,,,,
,Wilmarsdonk Total GT3,43.0,,BE,,,WKK,NG,,,,,,,,,,,,,,,,,,,,,,,,,,,,,,,
,EDF Luminus Izegem WKK,20.0,,BE,,,WKK,NG,,,,,,,,,,,,,,,,,,,,,,,,,,,,,,,
,EDF Luminus Seraing GT1,150.0,,BE,,,,NG,,,,,,,,,,,,,,,,,,,,,,,,,,,,,,,
,HAM31,58.0,,BE,,,GT,NG,,,,,,,,,,,,,,,,,,,,,,,,,,,,,,,
,HU AMPSIN-NEUVILLE,9.9,,BE,,,,WA,,,,,,,,,,,,,,,,,,,,,,,,,,,,,,,
,HU ANDENNE,9.0,,BE,,,,WA,,,,,,,,,,,,,,,,,,,,,,,,,,,,,,,
,Beveren 3 Indaver,24.0,,BE,,,IS,Other,,,,,,,,,,,,,,,,,,,,,,,,,,,,,,,
,Jemeppe-sur-Sambre GT2,48.0,,BE,,,,NG,,,,,,,,,,,,,,,,,,,,,,,,,,,,,,,
,RINGVAART STEG,385.0,,BE,,,CCGT,NG,,,,,,,,,,,,,,,,,,,,,,,,,,,,,,,
,SERAING TV,170.0,,BE,,,,NG,,,,,,,,,,,,,,,,,,,,,,,,,,,,,,,
,INESCO WKK,138.0,,BE,,,CCGT,NG,,,,,,,,,,,,,,,,,,,,,,,,,,,,,,,
,T-power Beringen,422.0,,BE,,,CCGT,NG,,,,,,,,,,,,,,,,,,,,,,,,,,,,,,,
,Zeebrugge 2 Fluxys,40.0,,BE,,,WKK,NG,,,,,,,,,,,,,,,,,,,,,,,,,,,,,,,
,Mermaid Offshore WP,237.0,,BE,,,,WI,,,,,,,,,,,,,,,,,,,,,,,,,,,,,,,
,Zwijndrecht Lanxess ST,15.0,,BE,,,WKK,NG,,,,,,,,,,,,,,,,,,,,,,,,,,,,,,,
,Aspiravi N49 Assenede,12.0,,BE,,,,WI,,,,,,,,,,,,,,,,,,,,,,,,,,,,,,,
,Aspiravi Wuustwezel,23.0,,BE,,,,WI,,,,,,,,,,,,,,,,,,,,,,,,,,,,,,,
,ANGLEUR TG31,25.0,,BE,,,,NG,,,,,,,,,,,,,,,,,,,,,,,,,,,,,,,
,Eurosilo,12.9,,BE,,,WKK,NG,,,,,,,,,,,,,,,,,,,,,,,,,,,,,,,
,Intradel Herstal,34.0,,BE,,,IS,Other,,,,,,,,,,,,,,,,,,,,,,,,,,,,,,,
,ANGLEUR TG 41,64.0,,BE,,,GT,NG,,,,,,,,,,,,,,,,,,,,,,,,,,,,,,,
,ANGLEUR TG 42,64.0,,BE,,,GT,NG,,,,,,,,,,,,,,,,,,,,,,,,,,,,,,,
,Northwind,216.0,,BE,,,,WI,,,,,,,,,,,,,,,,,,,,,,,,,,,,,,,
,Norther Offshore WP,369.6,,BE,,,,WI,,,,,,,,,,,,,,,,,,,,,,,,,,,,,,,
,La Vierre,1.9,,BE,,,,WA,,,,,,,,,,,,,,,,,,,,,,,,,,,,,,,
,Lillo Degussa GT1,43.0,,BE,,,WKK,NG,,,,,,,,,,,,,,,,,,,,,,,,,,,,,,,
,RODENHUIZE 4,268.0,,BE,,,CL,Other,,,,,,,,,,,,,,,,,,,,,,,,,,,,,,,
,Lanaken Sappi,43.0,,BE,,,WKK,NG,,,,,,,,,,,,,,,,,,,,,,,,,,,,,,,
,Schaerbeek Siomab ST3,15.0,,BE,,,IS,Other,,,,,,,,,,,,,,,,,,,,,,,,,,,,,,,
,RODENHUIZE WIND,4.5,,BE,,,,WI,,,,,,,,,,,,,,,,,,,,,,,,,,,,,,,
,SAINT-GHISLAIN STEG,350.0,,BE,,,CCGT,NG,,,,,,,,,,,,,,,,,,,,,,,,,,,,,,,
,Schaerbeek Siomab ST1,15.0,,BE,,,IS,Other,,,,,,,,,,,,,,,,,,,,,,,,,,,,,,,
,Schaerbeek Siomab ST2,15.0,,BE,,,IS,Other,,,,,,,,,,,,,,,,,,,,,,,,,,,,,,,
,TIHANGE 1N,481.0,,BE,,,NU,NU,,,,,,,,,,,,,,,,,,,,,,,,,,,,,,,
,VILVOORDE GT,255.0,,BE,,,,NG,,,,,,,,,,,,,,,,,,,,,,,,,,,,,,,
,Marcinelle Energie (Carsid),413.0,,BE,,,CCGT,NG,,,,,,,,,,,,,,,,,,,,,,,,,,,,,,,
,Amercoeur 1 R TGV,451.0,,BE,,,CCGT,NG,,,,,,,,,,,,,,,,,,,,,,,,,,,,,,,
,ArcelorMittal Belgium Gent Wind,33.5,,BE,,,,WI,,,,,,,,,,,,,,,,,,,,,,,,,,,,,,,
,Beveren Ineos Phenolchemie,23.8,,BE,,,WKK,NG,,,,,,,,,,,,,,,,,,,,,,,,,,,,,,,
,BUTGENBACH,1.8,,BE,,,HU,WA,,,,,,,,,,,,,,,,,,,,,,,,,,,,,,,
,DOEL 1,445.0,,BE,,,NU,NU,,,,,,,,,,,,,,,,,,,,,,,,,,,,,,,
,DOEL 2,445.0,,BE,,,NU,NU,,,,,,,,,,,,,,,,,,,,,,,,,,,,,,,
,DOEL 3,1006.0,,BE,,,NU,NU,,,,,,,,,,,,,,,,,,,,,,,,,,,,,,,
,DROGENBOS GT1,150.0,,BE,,,,NG,,,,,,,,,,,,,,,,,,,,,,,,,,,,,,,
,DROGENBOS GT2,150.0,,BE,,,,NG,,,,,,,,,,,,,,,,,,,,,,,,,,,,,,,
,DROGENBOS ST,160.0,,BE,,,,NG,,,,,,,,,,,,,,,,,,,,,,,,,,,,,,,
,Wilmarsdonk Total GT1,43.0,,BE,,,WKK,NG,,,,,,,,,,,,,,,,,,,,,,,,,,,,,,,
,HU LIXHE,20.0,,BE,,,HU,WA,,,,,,,,,,,,,,,,,,,,,,,,,,,,,,,
,HU MONSIN,19.7,,BE,,,,WA,,,,,,,,,,,,,,,,,,,,,,,,,,,,,,,
,EDF Luminus Ham GT,43.0,,BE,,,,NG,,,,,,,,,,,,,,,,,,,,,,,,,,,,,,,
,EDF Luminus Seraing GT2,150.0,,BE,,,,NG,,,,,,,,,,,,,,,,,,,,,,,,,,,,,,,
,HAM32,58.0,,BE,,,GT,NG,,,,,,,,,,,,,,,,,,,,,,,,,,,,,,,
,HU FLORIFFOUX,0.8,,BE,,,,WA,,,,,,,,,,,,,,,,,,,,,,,,,,,,,,,
,Jemeppe-sur-Sambre GT1,48.0,,BE,,,,NG,,,,,,,,,,,,,,,,,,,,,,,,,,,,,,,
,Nobelwind Offshore Windpark,165.0,,BE,,,,WI,,,,,,,,,,,,,,,,,,,,,,,,,,,,,,,
,ZEEBRUGGE WIND,12.0,,BE,,,,WI,,,,,,,,,,,,,,,,,,,,,,,,,,,,,,,
,Biostoom Oostende,19.4,,BE,,,CCGT,Other,,,,,,,,,,,,,,,,,,,,,,,,,,,,,,,
,Northwester 2,219.1,,BE,,,,WI,,,,,,,,,,,,,,,,,,,,,,,,,,,,,,,
,Wilrijk Isvag,12.0,,BE,,,IS,Other,,,,,,,,,,,,,,,,,,,,,,,,,,,,,,,
,Beveren Sleco,41.0,,BE,,,IS,Other,,,,,,,,,,,,,,,,,,,,,,,,,,,,,,,
,Thorntonbank - C-Power - Area NE,147.6,,BE,,,,WI,,,,,,,,,,,,,,,,,,,,,,,,,,,,,,,
,Beveren 2 Indaver,21.0,,BE,,,IS,Other,,,,,,,,,,,,,,,,,,,,,,,,,,,,,,,
,Thorntonbank - C-Power - Area SW,177.6,,BE,,,,WI,,,,,,,,,,,,,,,,,,,,,,,,,,,,,,,
,Zandvliet Power,386.2,,BE,,,CCGT,NG,,,,,,,,,,,,,,,,,,,,,,,,,,,,,,,
,Zelzate 2 Knippegroen,315.0,,BE,,,CL,Other,,,,,,,,,,,,,,,,,,,,,,,,,,,,,,,
,Zwijndrecht Lanxess GT,43.0,,BE,,,WKK,NG,,,,,,,,,,,,,,,,,,,,,,,,,,,,,,,
,Greenpower Oostende,20.3,,BE,,,IS,Other,,,,,,,,,,,,,,,,,,,,,,,,,,,,,,,
,Rentel Offshore WP,307.0,,BE,,,,WI,,,,,,,,,,,,,,,,,,,,,,,,,,,,,,,
,WM Park Powerport Zeebrugge,12.0,,BE,,,,WI,,,,,,,,,,,,,,,,,,,,,,,,,,,,,,,
,Oorderen Bayer,43.0,,BE,,,WKK,NG,,,,,,,,,,,,,,,,,,,,,,,,,,,,,,,
,Lillo Degussa GT2,32.0,,BE,,,WKK,NG,,,,,,,,,,,,,,,,,,,,,,,,,,,,,,,
,TIHANGE 1S,481.0,,BE,,,NU,NU,,,,,,,,,,,,,,,,,,,,,,,,,,,,,,,
,TIHANGE 3,1038.0,,BE,,,NU,NU,,,,,,,,,,,,,,,,,,,,,,,,,,,,,,,
,Turon TJ,18.6,,BE,,,TJ,LF,,,,,,,,,,,,,,,,,,,,,,,,,,,,,,,
,IVBO,16.0,,BE,,,IS,Other,,,,,,,,,,,,,,,,,,,,,,,,,,,,,,,
,IXELLES TJ,18.0,,BE,,,TJ,LF,,,,,,,,,,,,,,,,,,,,,,,,,,,,,,,
,Froidchapelle Wind,25.0,,BE,,,,WI,,,,,,,,,,,,,,,,,,,,,,,,,,,,,,,
,Windvision Estinnes WIND,81.2,,BE,,,,WI,,,,,,,,,,,,,,,,,,,,,,,,,,,,,,,
,Aalst Syral GT,43.0,,BE,,,WKK,NG,,,,,,,,,,,,,,,,,,,,,,,,,,,,,,,
,Aalst Syral ST,5.0,,BE,,,WKK,NG,,,,,,,,,,,,,,,,,,,,,,,,,,,,,,,
,CIERREUX TJ,18.0,,BE,,,TJ,LF,,,,,,,,,,,,,,,,,,,,,,,,,,,,,,,
,COO I T,474.0,,BE,,,,WA,,,,,,,,,,,,,,,,,,,,,,,,,,,,,,,
,DROGENBOS DM 51,2.5,,BE,,,D,LF,,,,,,,,,,,,,,,,,,,,,,,,,,,,,,,
,DROGENBOS DM 52,2.5,,BE,,,D,LF,,,,,,,,,,,,,,,,,,,,,,,,,,,,,,,
,HU GRAND-MALADES,5.0,,BE,,,,WA,,,,,,,,,,,,,,,,,,,,,,,,,,,,,,,
,HU IVOZ-RAMET,10.0,,BE,,,,WA,,,,,,,,,,,,,,,,,,,,,,,,,,,,,,,
,Jemeppe-sur-Sambre ST,10.0,,BE,,,,NG,,,,,,,,,,,,,,,,,,,,,,,,,,,,,,,
,ANGLEUR TG32,25.0,,BE,,,,NG,,,,,,,,,,,,,,,,,,,,,,,,,,,,,,,
,Zedelgem TJ,18.0,,BE,,,TJ,LF,,,,,,,,,,,,,,,,,,,,,,,,,,,,,,,
,Zeebrugge TJ,18.0,,BE,,,TJ,LF,,,,,,,,,,,,,,,,,,,,,,,,,,,,,,,
,Zelzate TJ,18.0,,BE,,,TJ,LF,,,,,,,,,,,,,,,,,,,,,,,,,,,,,,,
,Electrawinds biomassa Oostende,18.0,,BE,,,WKK,Other,,,,,,,,,,,,,,,,,,,,,,,,,,,,,,,
,Seastar Offshore WP,252.0,,BE,,,,WI,,,,,,,,,,,,,,,,,,,,,,,,,,,,,,,
,Incinerateur THUMAIDE (IPALLE),34.0,,BE,,,IS,Other,,,,,,,,,,,,,,,,,,,,,,,,,,,,,,,
,PLATE-TAILLE T,144.0,,BE,,,,WA,,,,,,,,,,,,,,,,,,,,,,,,,,,,,,,
,Lanaken Sappi,43.0,,BE,,,WKK,NG,,,,,,,,,,,,,,,,,,,,,,,,,,,,,,,
,Oorderen Bayer,43.0,,BE,,,WKK,NG,,,,,,,,,,,,,,,,,,,,,,,,,,,,,,,
,Northwind,216.0,,BE,,,,WI,,,,,,,,,,,,,,,,,,,,,,,,,,,,,,,
,LANGERBRUGGE STORA ST 1,11.0,,BE,,,WKK,Other,,,,,,,,,,,,,,,,,,,,,,,,,,,,,,,
,Lillo Degussa GT1,43.0,,BE,,,WKK,NG,,,,,,,,,,,,,,,,,,,,,,,,,,,,,,,
,RODENHUIZE 4,268.0,,BE,,,CL,Other,,,,,,,,,,,,,,,,,,,,,,,,,,,,,,,
,Oud-Lillo Monsanto,43.0,,BE,,,WKK,NG,,,,,,,,,,,,,,,,,,,,,,,,,,,,,,,
,SCHELLE WIND,4.5,,BE,,,,WI,,,,,,,,,,,,,,,,,,,,,,,,,,,,,,,
,TIHANGE 1S,481.0,,BE,,,NU,NU,,,,,,,,,,,,,,,,,,,,,,,,,,,,,,,
,TIHANGE 2,1008.0,,BE,,,NU,NU,,,,,,,,,,,,,,,,,,,,,,,,,,,,,,,
,Turon TJ,18.6,,BE,,,TJ,LF,,,,,,,,,,,,,,,,,,,,,,,,,,,,,,,
,La Vierre,1.9,,BE,,,,WA,,,,,,,,,,,,,,,,,,,,,,,,,,,,,,,
,COO II T,690.0,,BE,,,,WA,,,,,,,,,,,,,,,,,,,,,,,,,,,,,,,
,IVBO,16.0,,BE,,,IS,Other,,,,,,,,,,,,,,,,,,,,,,,,,,,,,,,
,Marcinelle Energie (Carsid),413.0,,BE,,,CCGT,NG,,,,,,,,,,,,,,,,,,,,,,,,,,,,,,,
,Aalst Syral GT,43.0,,BE,,,WKK,NG,,,,,,,,,,,,,,,,,,,,,,,,,,,,,,,
,ArcelorMittal Belgium Gent Wind,33.5,,BE,,,,WI,,,,,,,,,,,,,,,,,,,,,,,,,,,,,,,
,Belwind Phase 1,171.0,,BE,,,,WI,,,,,,,,,,,,,,,,,,,,,,,,,,,,,,,
,DOEL 2,433.0,,BE,,,NU,NU,,,,,,,,,,,,,,,,,,,,,,,,,,,,,,,
,DOEL 3,1006.0,,BE,,,NU,NU,,,,,,,,,,,,,,,,,,,,,,,,,,,,,,,
,DOEL 4,1039.0,,BE,,,NU,NU,,,,,,,,,,,,,,,,,,,,,,,,,,,,,,,
,VILVOORDE GT,255.0,,BE,,,,NG,,,,,,,,,,,,,,,,,,,,,,,,,,,,,,,
,Jemeppe-sur-Sambre GT1,48.0,,BE,,,,NG,,,,,,,,,,,,,,,,,,,,,,,,,,,,,,,
,EDF Luminus Seraing GT2,150.0,,BE,,,,NG,,,,,,,,,,,,,,,,,,,,,,,,,,,,,,,
,HAM31,58.0,,BE,,,GT,NG,,,,,,,,,,,,,,,,,,,,,,,,,,,,,,,
,HAM32,58.0,,BE,,,GT,NG,,,,,,,,,,,,,,,,,,,,,,,,,,,,,,,
,HU IVOZ-RAMET,10.0,,BE,,,,WA,,,,,,,,,,,,,,,,,,,,,,,,,,,,,,,
,HU LIXHE,20.0,,BE,,,HU,WA,,,,,,,,,,,,,,,,,,,,,,,,,,,,,,,
,Jemeppe-sur-Sambre GT2,48.0,,BE,,,,NG,,,,,,,,,,,,,,,,,,,,,,,,,,,,,,,
,Wilmarsdonk Total GT3,43.0,,BE,,,WKK,NG,,,,,,,,,,,,,,,,,,,,,,,,,,,,,,,
,Biostoom Oostende,19.4,,BE,,,CCGT,Other,,,,,,,,,,,,,,,,,,,,,,,,,,,,,,,
,INESCO WKK,138.0,,BE,,,CCGT,NG,,,,,,,,,,,,,,,,,,,,,,,,,,,,,,,
,Thorntonbank - C-Power - Area NE,147.6,,BE,,,,WI,,,,,,,,,,,,,,,,,,,,,,,,,,,,,,,
,ZEEBRUGGE WIND,12.0,,BE,,,,WI,,,,,,,,,,,,,,,,,,,,,,,,,,,,,,,
,Beveren Sleco,41.0,,BE,,,IS,Other,,,,,,,,,,,,,,,,,,,,,,,,,,,,,,,
,Windvision Estinnes WIND,80.0,,BE,,,,WI,,,,,,,,,,,,,,,,,,,,,,,,,,,,,,,
,Thorntonbank - C-Power - Area SW,177.6,,BE,,,,WI,,,,,,,,,,,,,,,,,,,,,,,,,,,,,,,
,ANGLEUR TG 41,64.0,,BE,,,GT,NG,,,,,,,,,,,,,,,,,,,,,,,,,,,,,,,
,Aspiravi N49 Assenede,12.0,,BE,,,,WI,,,,,,,,,,,,,,,,,,,,,,,,,,,,,,,
,ANGLEUR TG31,25.0,,BE,,,,NG,,,,,,,,,,,,,,,,,,,,,,,,,,,,,,,
,Aspiravi Wuustwezel,23.0,,BE,,,,WI,,,,,,,,,,,,,,,,,,,,,,,,,,,,,,,
,Norther Offshore WP,369.6,,BE,,,,WI,,,,,,,,,,,,,,,,,,,,,,,,,,,,,,,
,LANGERBRUGGE STORA ST 2,44.7,,BE,,,WKK,Other,,,,,,,,,,,,,,,,,,,,,,,,,,,,,,,
,TIHANGE 3,1038.0,,BE,,,NU,NU,,,,,,,,,,,,,,,,,,,,,,,,,,,,,,,
,RODENHUIZE WIND,4.5,,BE,,,,WI,,,,,,,,,,,,,,,,,,,,,,,,,,,,,,,
,SAINT-GHISLAIN STEG,350.0,,BE,,,CCGT,NG,,,,,,,,,,,,,,,,,,,,,,,,,,,,,,,
,Schaerbeek Siomab ST1,15.0,,BE,,,IS,Other,,,,,,,,,,,,,,,,,,,,,,,,,,,,,,,
,Scheldelaan Exxonmobil,140.0,,BE,,,WKK,NG,,,,,,,,,,,,,,,,,,,,,,,,,,,,,,,
,TIHANGE 1N,481.0,,BE,,,NU,NU,,,,,,,,,,,,,,,,,,,,,,,,,,,,,,,
,IXELLES TJ,18.0,,BE,,,TJ,LF,,,,,,,,,,,,,,,,,,,,,,,,,,,,,,,
,Infrabel Avernas Greensky Wind,32.0,,BE,,,,WI,,,,,,,,,,,,,,,,,,,,,,,,,,,,,,,
,Froidchapelle Wind,25.0,,BE,,,,WI,,,,,,,,,,,,,,,,,,,,,,,,,,,,,,,
,Wilmarsdonk Total GT1,43.0,,BE,,,WKK,NG,,,,,,,,,,,,,,,,,,,,,,,,,,,,,,,
,Aalst Syral ST,5.0,,BE,,,WKK,NG,,,,,,,,,,,,,,,,,,,,,,,,,,,,,,,
,AALTER TJ,18.0,,BE,,,TJ,LF,,,,,,,,,,,,,,,,,,,,,,,,,,,,,,,
,DROGENBOS ST,160.0,,BE,,,,NG,,,,,,,,,,,,,,,,,,,,,,,,,,,,,,,
,HERDERSBRUG STEG,465.0,,BE,,,CCGT,NG,,,,,,,,,,,,,,,,,,,,,,,,,,,,,,,
,HU AMPSIN-NEUVILLE,9.9,,BE,,,,WA,,,,,,,,,,,,,,,,,,,,,,,,,,,,,,,
,HU FLORIFFOUX,0.8,,BE,,,,WA,,,,,,,,,,,,,,,,,,,,,,,,,,,,,,,
,Nobelwind Offshore Windpark,165.0,,BE,,,,WI,,,,,,,,,,,,,,,,,,,,,,,,,,,,,,,
,RINGVAART STEG,385.0,,BE,,,CCGT,NG,,,,,,,,,,,,,,,,,,,,,,,,,,,,,,,
,SERAING TV,170.0,,BE,,,,NG,,,,,,,,,,,,,,,,,,,,,,,,,,,,,,,
,Northwester 2,219.1,,BE,,,,WI,,,,,,,,,,,,,,,,,,,,,,,,,,,,,,,
,EDF Luminus Izegem WKK,20.0,,BE,,,WKK,NG,,,,,,,,,,,,,,,,,,,,,,,,,,,,,,,
,Beveren 3 Indaver,24.0,,BE,,,IS,Other,,,,,,,,,,,,,,,,,,,,,,,,,,,,,,,
,Zandvliet Power,386.2,,BE,,,CCGT,NG,,,,,,,,,,,,,,,,,,,,,,,,,,,,,,,
,Zedelgem TJ,18.0,,BE,,,TJ,LF,,,,,,,,,,,,,,,,,,,,,,,,,,,,,,,
,Zwijndrecht Lanxess ST,15.0,,BE,,,WKK,NG,,,,,,,,,,,,,,,,,,,,,,,,,,,,,,,
,Greenpower Oostende,20.0,,BE,,,IS,Other,,,,,,,,,,,,,,,,,,,,,,,,,,,,,,,
,Zeebrugge 2 Fluxys,40.0,,BE,,,WKK,NG,,,,,,,,,,,,,,,,,,,,,,,,,,,,,,,
,WM Park Powerport Zeebrugge,12.0,,BE,,,,WI,,,,,,,,,,,,,,,,,,,,,,,,,,,,,,,
,Beveren 2 Indaver,21.0,,BE,,,IS,Other,,,,,,,,,,,,,,,,,,,,,,,,,,,,,,,
,ANGLEUR TG32,25.0,,BE,,,,NG,,,,,,,,,,,,,,,,,,,,,,,,,,,,,,,
,ANGLEUR TG 42,64.0,,BE,,,GT,NG,,,,,,,,,,,,,,,,,,,,,,,,,,,,,,,
,PLATE-TAILLE T,144.0,,BE,,,,WA,,,,,,,,,,,,,,,,,,,,,,,,,,,,,,,
,Intradel Herstal,34.0,,BE,,,IS,Other,,,,,,,,,,,,,,,,,,,,,,,,,,,,,,,
,Incinerateur THUMAIDE (IPALLE),34.0,,BE,,,IS,Other,,,,,,,,,,,,,,,,,,,,,,,,,,,,,,,
,Eurosilo,12.9,,BE,,,WKK,NG,,,,,,,,,,,,,,,,,,,,,,,,,,,,,,,
,Noordschote TJ,18.0,,BE,,,TJ,LF,,,,,,,,,,,,,,,,,,,,,,,,,,,,,,,
,Lillo Degussa ST,10.0,,BE,,,WKK,NG,,,,,,,,,,,,,,,,,,,,,,,,,,,,,,,
,Lillo Degussa GT2,32.0,,BE,,,WKK,NG,,,,,,,,,,,,,,,,,,,,,,,,,,,,,,,
,Schaerbeek Siomab ST2,15.0,,BE,,,IS,Other,,,,,,,,,,,,,,,,,,,,,,,,,,,,,,,
,Schaerbeek Siomab ST3,15.0,,BE,,,IS,Other,,,,,,,,,,,,,,,,,,,,,,,,,,,,,,,
,Amercoeur 1 R TGV,451.0,,BE,,,CCGT,NG,,,,,,,,,,,,,,,,,,,,,,,,,,,,,,,
,AWIRS 4,95.0,,BE,,,CL,Other,,,,,,,,,,,,,,,,,,,,,,,,,,,,,,,
,BEERSE TJ,32.0,,BE,,,TJ,LF,,,,,,,,,,,,,,,,,,,,,,,,,,,,,,,
,Beveren Ineos Phenolchemie,23.8,,BE,,,WKK,NG,,,,,,,,,,,,,,,,,,,,,,,,,,,,,,,
,BUTGENBACH,1.8,,BE,,,HU,WA,,,,,,,,,,,,,,,,,,,,,,,,,,,,,,,
,CIERREUX TJ,18.0,,BE,,,TJ,LF,,,,,,,,,,,,,,,,,,,,,,,,,,,,,,,
,COO I T,474.0,,BE,,,,WA,,,,,,,,,,,,,,,,,,,,,,,,,,,,,,,
,DOEL 1,445.0,,BE,,,NU,NU,,,,,,,,,,,,,,,,,,,,,,,,,,,,,,,
,DROGENBOS DM 51,2.5,,BE,,,D,LF,,,,,,,,,,,,,,,,,,,,,,,,,,,,,,,
,DROGENBOS DM 52,2.5,,BE,,,D,LF,,,,,,,,,,,,,,,,,,,,,,,,,,,,,,,
,DROGENBOS GT1,150.0,,BE,,,,NG,,,,,,,,,,,,,,,,,,,,,,,,,,,,,,,
,DROGENBOS GT2,150.0,,BE,,,,NG,,,,,,,,,,,,,,,,,,,,,,,,,,,,,,,
,Zelzate 2 Knippegroen,315.0,,BE,,,CL,Other,,,,,,,,,,,,,,,,,,,,,,,,,,,,,,,
,Wilmarsdonk Total GT2,43.0,,BE,,,WKK,NG,,,,,,,,,,,,,,,,,,,,,,,,,,,,,,,
,EDF Luminus Seraing GT1,150.0,,BE,,,,NG,,,,,,,,,,,,,,,,,,,,,,,,,,,,,,,
,HU ANDENNE,9.0,,BE,,,,WA,,,,,,,,,,,,,,,,,,,,,,,,,,,,,,,
,HU GRAND-MALADES,5.0,,BE,,,,WA,,,,,,,,,,,,,,,,,,,,,,,,,,,,,,,
,HU MONSIN,19.7,,BE,,,,WA,,,,,,,,,,,,,,,,,,,,,,,,,,,,,,,
,EDF Luminus Ham GT,43.0,,BE,,,,NG,,,,,,,,,,,,,,,,,,,,,,,,,,,,,,,
,Jemeppe-sur-Sambre ST,10.0,,BE,,,,NG,,,,,,,,,,,,,,,,,,,,,,,,,,,,,,,
,Rentel Offshore WP,307.0,,BE,,,,WI,,,,,,,,,,,,,,,,,,,,,,,,,,,,,,,
,T-power Beringen,422.0,,BE,,,CCGT,NG,,,,,,,,,,,,,,,,,,,,,,,,,,,,,,,
,Wilrijk Isvag,12.0,,BE,,,IS,Other,,,,,,,,,,,,,,,,,,,,,,,,,,,,,,,
,Zeebrugge TJ,18.0,,BE,,,TJ,LF,,,,,,,,,,,,,,,,,,,,,,,,,,,,,,,
,Zelzate TJ,18.0,,BE,,,TJ,LF,,,,,,,,,,,,,,,,,,,,,,,,,,,,,,,
,Zwijndrecht Lanxess GT,43.0,,BE,,,WKK,NG,,,,,,,,,,,,,,,,,,,,,,,,,,,,,,,
,Electrawinds biomassa Oostende,18.0,,BE,,,WKK,Other,,,,,,,,,,,,,,,,,,,,,,,,,,,,,,,
,VILVOORDE GT,255.0,,BE,,,,NG,,,,,,,,,,,,,,,,,,,,,,,,,,,,,,,
,Zeebrugge 2 Fluxys,40.0,,BE,,,WKK,NG,,,,,,,,,,,,,,,,,,,,,,,,,,,,,,,
,Zedelgem TJ,18.0,,BE,,,TJ,LF,,,,,,,,,,,,,,,,,,,,,,,,,,,,,,,
,Zandvliet Power,386.2,,BE,,,CCGT,NG,,,,,,,,,,,,,,,,,,,,,,,,,,,,,,,
,Wilrijk Isvag,12.0,,BE,,,IS,Other,,,,,,,,,,,,,,,,,,,,,,,,,,,,,,,
,Wilmarsdonk Total GT3,43.0,,BE,,,WKK,NG,,,,,,,,,,,,,,,,,,,,,,,,,,,,,,,
,Turon TJ,18.6,,BE,,,TJ,LF,,,,,,,,,,,,,,,,,,,,,,,,,,,,,,,
,TIHANGE 3,1038.0,,BE,,,NU,NU,,,,,,,,,,,,,,,,,,,,,,,,,,,,,,,
,Schaerbeek Siomab ST3,15.0,,BE,,,IS,Other,,,,,,,,,,,,,,,,,,,,,,,,,,,,,,,
,Zelzate 2 Knippegroen,315.0,,BE,,,CL,Other,,,,,,,,,,,,,,,,,,,,,,,,,,,,,,,
,IVBO,16.0,,BE,,,IS,Other,,,,,,,,,,,,,,,,,,,,,,,,,,,,,,,
,Zwijndrecht Lanxess GT,43.0,,BE,,,WKK,NG,,,,,,,,,,,,,,,,,,,,,,,,,,,,,,,
,Rentel Offshore WP,301.0,,BE,,,,WI,,,,,,,,,,,,,,,,,,,,,,,,,,,,,,,
,INESCO WKK,138.0,,BE,,,CCGT,NG,,,,,,,,,,,,,,,,,,,,,,,,,,,,,,,
,Biostoom Oostende,19.4,,BE,,,CCGT,Other,,,,,,,,,,,,,,,,,,,,,,,,,,,,,,,
,Aspiravi N49 Assenede,12.0,,BE,,,,WI,,,,,,,,,,,,,,,,,,,,,,,,,,,,,,,
,EDF Luminus Seraing GT1,150.0,,BE,,,,NG,,,,,,,,,,,,,,,,,,,,,,,,,,,,,,,
,HU GRAND-MALADES,5.0,,BE,,,,WA,,,,,,,,,,,,,,,,,,,,,,,,,,,,,,,
,HU IVOZ-RAMET,10.0,,BE,,,,WA,,,,,,,,,,,,,,,,,,,,,,,,,,,,,,,
,Jemeppe-sur-Sambre GT1,48.0,,BE,,,,NG,,,,,,,,,,,,,,,,,,,,,,,,,,,,,,,
,Jemeppe-sur-Sambre GT2,48.0,,BE,,,,NG,,,,,,,,,,,,,,,,,,,,,,,,,,,,,,,
,Jemeppe-sur-Sambre ST,10.0,,BE,,,,NG,,,,,,,,,,,,,,,,,,,,,,,,,,,,,,,
,BEERSE TJ,32.0,,BE,,,TJ,LF,,,,,,,,,,,,,,,,,,,,,,,,,,,,,,,
,Taminco (Gent) WKK,6.3,,BE,,,WKK,NG,,,,,,,,,,,,,,,,,,,,,,,,,,,,,,,
,Aalst Syral ST,5.0,,BE,,,WKK,NG,,,,,,,,,,,,,,,,,,,,,,,,,,,,,,,
,ArcelorMittal Belgium Gent Wind,26.3,,BE,,,,WI,,,,,,,,,,,,,,,,,,,,,,,,,,,,,,,
,RODENHUIZE WIND,4.5,,BE,,,WT,WI,,,,,,,,,,,,,,,,,,,,,,,,,,,,,,,
,Froidchapelle Wind,25.0,,BE,,,,WI,,,,,,,,,,,,,,,,,,,,,,,,,,,,,,,
,ANGLEUR TG 42,64.0,,BE,,,GT,NG,,,,,,,,,,,,,,,,,,,,,,,,,,,,,,,
,AWIRS 4,95.0,,BE,,,CL,Other,,,,,,,,,,,,,,,,,,,,,,,,,,,,,,,
,Nobelwind Offshore Windpark,165.0,,BE,,,,WI,,,,,,,,,,,,,,,,,,,,,,,,,,,,,,,
,Belwind Phase 1,171.0,,BE,,,,WI,,,,,,,,,,,,,,,,,,,,,,,,,,,,,,,
,Infrabel Avernas Greensky Wind,32.0,,BE,,,,WI,,,,,,,,,,,,,,,,,,,,,,,,,,,,,,,
,La Vierre,1.9,,BE,,,,WA,,,,,,,,,,,,,,,,,,,,,,,,,,,,,,,
,Lanaken Sappi,43.0,,BE,,,WKK,NG,,,,,,,,,,,,,,,,,,,,,,,,,,,,,,,
,LANGERBRUGGE STORA GT 2,44.7,,BE,,,WKK,Other,,,,,,,,,,,,,,,,,,,,,,,,,,,,,,,
,Langerlo GT3,44.0,,BE,,,GT,NG,,,,,,,,,,,,,,,,,,,,,,,,,,,,,,,
,Noordschote TJ,18.0,,BE,,,TJ,LF,,,,,,,,,,,,,,,,,,,,,,,,,,,,,,,
,Northwind,216.0,,BE,,,,WI,,,,,,,,,,,,,,,,,,,,,,,,,,,,,,,
,Oorderen Bayer,43.0,,BE,,,WKK,NG,,,,,,,,,,,,,,,,,,,,,,,,,,,,,,,
,Oud-Lillo Monsanto,43.0,,BE,,,WKK,NG,,,,,,,,,,,,,,,,,,,,,,,,,,,,,,,
,HERDERSBRUG STEG,465.0,,BE,,,CCGT,NG,,,,,,,,,,,,,,,,,,,,,,,,,,,,,,,
,HEID-DE-GOREUX 1,4.0,,BE,,,HU,WA,,,,,,,,,,,,,,,,,,,,,,,,,,,,,,,
,Drogenbos Diesels 10kV,32.0,,BE,,,D,LF,,,,,,,,,,,,,,,,,,,,,,,,,,,,,,,
,CIERREUX TJ,18.0,,BE,,,TJ,LF,,,,,,,,,,,,,,,,,,,,,,,,,,,,,,,
,COO I T,474.0,,BE,,,,WA,,,,,,,,,,,,,,,,,,,,,,,,,,,,,,,
,COO II T,690.0,,BE,,,,WA,,,,,,,,,,,,,,,,,,,,,,,,,,,,,,,
,DROGENBOS ST,160.0,,BE,,,,NG,,,,,,,,,,,,,,,,,,,,,,,,,,,,,,,
,Electrabel Diesels Awirs TG1,15.1,,BE,,,D,LF,,,,,,,,,,,,,,,,,,,,,,,,,,,,,,,
,Zeebrugge TJ,18.0,,BE,,,TJ,LF,,,,,,,,,,,,,,,,,,,,,,,,,,,,,,,
,TIHANGE 2,1008.0,,BE,,,NU,NU,,,,,,,,,,,,,,,,,,,,,,,,,,,,,,,
,TIHANGE 1S,481.0,,BE,,,NU,NU,,,,,,,,,,,,,,,,,,,,,,,,,,,,,,,
,SCHELLE WIND,4.5,,BE,,,,WI,,,,,,,,,,,,,,,,,,,,,,,,,,,,,,,
,Scheldelaan Exxonmobil,140.0,,BE,,,WKK,NG,,,,,,,,,,,,,,,,,,,,,,,,,,,,,,,
,Schaerbeek Siomab ST1,15.0,,BE,,,IS,Other,,,,,,,,,,,,,,,,,,,,,,,,,,,,,,,
,Thorntonbank - C-Power - Area NE,147.6,,BE,,,,WI,,,,,,,,,,,,,,,,,,,,,,,,,,,,,,,
,WM Park Powerport Zeebrugge,12.0,,BE,,,,WI,,,,,,,,,,,,,,,,,,,,,,,,,,,,,,,
,Windvision Estinnes WIND,80.0,,BE,,,,WI,,,,,,,,,,,,,,,,,,,,,,,,,,,,,,,
,Thorntonbank - C-Power - Area SW,177.6,,BE,,,,WI,,,,,,,,,,,,,,,,,,,,,,,,,,,,,,,
,Greenpower Oostende,20.0,,BE,,,IS,Other,,,,,,,,,,,,,,,,,,,,,,,,,,,,,,,
,Electrawinds biomassa Oostende,18.0,,BE,,,WKK,Other,,,,,,,,,,,,,,,,,,,,,,,,,,,,,,,
,RINGVAART STEG,365.0,,BE,,,CCGT,NG,,,,,,,,,,,,,,,,,,,,,,,,,,,,,,,
,ZEEBRUGGE WIND,12.0,,BE,,,WT,WI,,,,,,,,,,,,,,,,,,,,,,,,,,,,,,,
,Aalst Syral GT,43.0,,BE,,,WKK,NG,,,,,,,,,,,,,,,,,,,,,,,,,,,,,,,
,AALTER TJ,18.0,,BE,,,TJ,LF,,,,,,,,,,,,,,,,,,,,,,,,,,,,,,,
,Amercoeur 1 R TGV,451.0,,BE,,,CCGT,NG,,,,,,,,,,,,,,,,,,,,,,,,,,,,,,,
,HU FLORIFFOUX,0.8,,BE,,,,WA,,,,,,,,,,,,,,,,,,,,,,,,,,,,,,,
,HU AMPSIN-NEUVILLE,9.9,,BE,,,,WA,,,,,,,,,,,,,,,,,,,,,,,,,,,,,,,
,HAM32,58.0,,BE,,,GT,NG,,,,,,,,,,,,,,,,,,,,,,,,,,,,,,,
,Marcinelle Energie (Carsid),413.0,,BE,,,CCGT,NG,,,,,,,,,,,,,,,,,,,,,,,,,,,,,,,
,ANGLEUR TG31,25.0,,BE,,,,NG,,,,,,,,,,,,,,,,,,,,,,,,,,,,,,,
,Beveren 2 Indaver,21.0,,BE,,,IS,Other,,,,,,,,,,,,,,,,,,,,,,,,,,,,,,,
,Beveren 3 Indaver,24.0,,BE,,,IS,Other,,,,,,,,,,,,,,,,,,,,,,,,,,,,,,,
,Beveren Sleco,41.0,,BE,,,IS,Other,,,,,,,,,,,,,,,,,,,,,,,,,,,,,,,
,EDF Luminus Ham ST,12.0,,BE,,,,NG,,,,,,,,,,,,,,,,,,,,,,,,,,,,,,,
,EDF Luminus Seraing GT2,150.0,,BE,,,,NG,,,,,,,,,,,,,,,,,,,,,,,,,,,,,,,
,HAM31,58.0,,BE,,,GT,NG,,,,,,,,,,,,,,,,,,,,,,,,,,,,,,,
,Langerlo GT4,44.0,,BE,,,GT,NG,,,,,,,,,,,,,,,,,,,,,,,,,,,,,,,
,LANGERBRUGGE STORA GT 1,11.0,,BE,,,WKK,Other,,,,,,,,,,,,,,,,,,,,,,,,,,,,,,,
,Beveren Ineos Phenolchemie,23.8,,BE,,,WKK,NG,,,,,,,,,,,,,,,,,,,,,,,,,,,,,,,
,Lillo Degussa GT2,32.0,,BE,,,WKK,NG,,,,,,,,,,,,,,,,,,,,,,,,,,,,,,,
,RODENHUIZE 4,268.0,,BE,,,CL,Other,,,,,,,,,,,,,,,,,,,,,,,,,,,,,,,
,BUTGENBACH,1.8,,BE,,,HU,WA,,,,,,,,,,,,,,,,,,,,,,,,,,,,,,,
,DOEL 3,1006.0,,BE,,,NU,NU,,,,,,,,,,,,,,,,,,,,,,,,,,,,,,,
,DROGENBOS DM 52,2.5,,BE,,,D,LF,,,,,,,,,,,,,,,,,,,,,,,,,,,,,,,
,DROGENBOS DM 51,2.5,,BE,,,D,LF,,,,,,,,,,,,,,,,,,,,,,,,,,,,,,,
,Wilmarsdonk Total GT2,43.0,,BE,,,WKK,NG,,,,,,,,,,,,,,,,,,,,,,,,,,,,,,,
,Wilmarsdonk Total GT1,43.0,,BE,,,WKK,NG,,,,,,,,,,,,,,,,,,,,,,,,,,,,,,,
,TIHANGE 1N,481.0,,BE,,,NU,NU,,,,,,,,,,,,,,,,,,,,,,,,,,,,,,,
,Zelzate TJ,18.0,,BE,,,TJ,LF,,,,,,,,,,,,,,,,,,,,,,,,,,,,,,,
,Zwijndrecht Lanxess ST,15.0,,BE,,,WKK,NG,,,,,,,,,,,,,,,,,,,,,,,,,,,,,,,
,T-power Beringen,422.0,,BE,,,CCGT,NG,,,,,,,,,,,,,,,,,,,,,,,,,,,,,,,
,PLATE-TAILLE T,144.0,,BE,,,,WA,,,,,,,,,,,,,,,,,,,,,,,,,,,,,,,
,Intradel Herstal,34.0,,BE,,,IS,Other,,,,,,,,,,,,,,,,,,,,,,,,,,,,,,,
,Incinerateur THUMAIDE (IPALLE),34.0,,BE,,,IS,Other,,,,,,,,,,,,,,,,,,,,,,,,,,,,,,,
,Eurosilo,12.9,,BE,,,WKK,NG,,,,,,,,,,,,,,,,,,,,,,,,,,,,,,,
,Aspiravi Wuustwezel,23.0,,BE,,,,WI,,,,,,,,,,,,,,,,,,,,,,,,,,,,,,,
,Schaerbeek Siomab ST2,15.0,,BE,,,IS,Other,,,,,,,,,,,,,,,,,,,,,,,,,,,,,,,
,SAINT-GHISLAIN STEG,350.0,,BE,,,CCGT,NG,,,,,,,,,,,,,,,,,,,,,,,,,,,,,,,
,HU LIXHE,20.0,,BE,,,HU,WA,,,,,,,,,,,,,,,,,,,,,,,,,,,,,,,
,HU MONSIN,19.7,,BE,,,,WA,,,,,,,,,,,,,,,,,,,,,,,,,,,,,,,
,SERAING TV,170.0,,BE,,,,NG,,,,,,,,,,,,,,,,,,,,,,,,,,,,,,,
,HU ANDENNE,9.0,,BE,,,,WA,,,,,,,,,,,,,,,,,,,,,,,,,,,,,,,
,ANGLEUR TG 41,64.0,,BE,,,GT,NG,,,,,,,,,,,,,,,,,,,,,,,,,,,,,,,
,ANGLEUR TG32,25.0,,BE,,,,NG,,,,,,,,,,,,,,,,,,,,,,,,,,,,,,,
,EDF Luminus Ham GT,40.0,,BE,,,,NG,,,,,,,,,,,,,,,,,,,,,,,,,,,,,,,
,EDF Luminus Izegem WKK,22.0,,BE,,,WKK,NG,,,,,,,,,,,,,,,,,,,,,,,,,,,,,,,
,IXELLES TJ,18.0,,BE,,,TJ,LF,,,,,,,,,,,,,,,,,,,,,,,,,,,,,,,
,HEID-DE-GOREUX 2,4.0,,BE,,,HU,WA,,,,,,,,,,,,,,,,,,,,,,,,,,,,,,,
,Lillo Degussa ST,10.0,,BE,,,WKK,NG,,,,,,,,,,,,,,,,,,,,,,,,,,,,,,,
,Lillo Degussa GT1,43.0,,BE,,,WKK,NG,,,,,,,,,,,,,,,,,,,,,,,,,,,,,,,
,Electrabel Diesels Awirs TG3,9.0,,BE,,,D,LF,,,,,,,,,,,,,,,,,,,,,,,,,,,,,,,
,DOEL 2,433.0,,BE,,,NU,NU,,,,,,,,,,,,,,,,,,,,,,,,,,,,,,,
,DOEL 4,1039.0,,BE,,,NU,NU,,,,,,,,,,,,,,,,,,,,,,,,,,,,,,,
,DOEL 1,433.0,,BE,,,NU,NU,,,,,,,,,,,,,,,,,,,,,,,,,,,,,,,
,DROGENBOS GT1,150.0,,BE,,,,NG,,,,,,,,,,,,,,,,,,,,,,,,,,,,,,,
,DROGENBOS GT2,150.0,,BE,,,,NG,,,,,,,,,,,,,,,,,,,,,,,,,,,,,,,
,AWIRS 4,95.0,,BE,,,CL,Other,,,,,,,,,,,,,,,,,,,,,,,,,,,,,,,
,BEERSE TJ,32.0,,BE,,,TJ,LF,,,,,,,,,,,,,,,,,,,,,,,,,,,,,,,
,COO I T,474.0,,BE,,,,WA,,,,,,,,,,,,,,,,,,,,,,,,,,,,,,,
,COO II T,690.0,,BE,,,,WA,,,,,,,,,,,,,,,,,,,,,,,,,,,,,,,
,DOEL 1,433.0,,BE,,,NU,NU,,,,,,,,,,,,,,,,,,,,,,,,,,,,,,,
,DOEL 2,433.0,,BE,,,NU,NU,,,,,,,,,,,,,,,,,,,,,,,,,,,,,,,
,DOEL 4,1039.0,,BE,,,NU,NU,,,,,,,,,,,,,,,,,,,,,,,,,,,,,,,
,RINGVAART STEG,365.0,,BE,,,CCGT,NG,,,,,,,,,,,,,,,,,,,,,,,,,,,,,,,
,HEID-DE-GOREUX 2,4.0,,BE,,,HU,WA,,,,,,,,,,,,,,,,,,,,,,,,,,,,,,,
,ANGLEUR TG 41,64.0,,BE,,,GT,NG,,,,,,,,,,,,,,,,,,,,,,,,,,,,,,,
,Beveren 2 Indaver,21.0,,BE,,,IS,Other,,,,,,,,,,,,,,,,,,,,,,,,,,,,,,,
,Beveren Sleco,41.0,,BE,,,IS,Other,,,,,,,,,,,,,,,,,,,,,,,,,,,,,,,
,HAM31,58.0,,BE,,,GT,NG,,,,,,,,,,,,,,,,,,,,,,,,,,,,,,,
,HAM32,58.0,,BE,,,GT,NG,,,,,,,,,,,,,,,,,,,,,,,,,,,,,,,
,HU FLORIFFOUX,0.8,,BE,,,,WA,,,,,,,,,,,,,,,,,,,,,,,,,,,,,,,
,HU IVOZ-RAMET,10.0,,BE,,,,WA,,,,,,,,,,,,,,,,,,,,,,,,,,,,,,,
,HU MONSIN,19.7,,BE,,,,WA,,,,,,,,,,,,,,,,,,,,,,,,,,,,,,,
,Jemeppe-sur-Sambre GT1,48.0,,BE,,,,NG,,,,,,,,,,,,,,,,,,,,,,,,,,,,,,,
,Jemeppe-sur-Sambre ST,10.0,,BE,,,,NG,,,,,,,,,,,,,,,,,,,,,,,,,,,,,,,
,Wilmarsdonk Total GT3,43.0,,BE,,,WKK,NG,,,,,,,,,,,,,,,,,,,,,,,,,,,,,,,
,HERDERSBRUG STEG,465.0,,BE,,,CCGT,NG,,,,,,,,,,,,,,,,,,,,,,,,,,,,,,,
,Zandvliet Power,386.2,,BE,,,CCGT,NG,,,,,,,,,,,,,,,,,,,,,,,,,,,,,,,
,Zeebrugge TJ,18.0,,BE,,,TJ,LF,,,,,,,,,,,,,,,,,,,,,,,,,,,,,,,
,Zwijndrecht Lanxess GT,43.0,,BE,,,WKK,NG,,,,,,,,,,,,,,,,,,,,,,,,,,,,,,,
,IXELLES TJ,18.0,,BE,,,TJ,LF,,,,,,,,,,,,,,,,,,,,,,,,,,,,,,,
,PLATE-TAILLE T,144.0,,BE,,,,WA,,,,,,,,,,,,,,,,,,,,,,,,,,,,,,,
,T-power Beringen,422.0,,BE,,,CCGT,NG,,,,,,,,,,,,,,,,,,,,,,,,,,,,,,,
,Wilmarsdonk Total GT1,43.0,,BE,,,WKK,NG,,,,,,,,,,,,,,,,,,,,,,,,,,,,,,,
,LANGERBRUGGE STORA ST 1,10.0,,BE,,,WKK,Other,,,,,,,,,,,,,,,,,,,,,,,,,,,,,,,
,Lillo Degussa GT2,32.0,,BE,,,WKK,NG,,,,,,,,,,,,,,,,,,,,,,,,,,,,,,,
,Northwind,216.0,,BE,,,,WI,,,,,,,,,,,,,,,,,,,,,,,,,,,,,,,
,Noordschote TJ,18.0,,BE,,,TJ,LF,,,,,,,,,,,,,,,,,,,,,,,,,,,,,,,
,TIHANGE 2,1008.0,,BE,,,NU,NU,,,,,,,,,,,,,,,,,,,,,,,,,,,,,,,
,Schaerbeek Siomab ST1,15.0,,BE,,,IS,Other,,,,,,,,,,,,,,,,,,,,,,,,,,,,,,,
,Aalst Syral ST,5.0,,BE,,,WKK,NG,,,,,,,,,,,,,,,,,,,,,,,,,,,,,,,
,BUTGENBACH,1.8,,BE,,,HU,WA,,,,,,,,,,,,,,,,,,,,,,,,,,,,,,,
,ArcelorMittal Belgium Gent Wind,26.3,,BE,,,,WI,,,,,,,,,,,,,,,,,,,,,,,,,,,,,,,
,AALTER TJ,18.0,,BE,,,TJ,LF,,,,,,,,,,,,,,,,,,,,,,,,,,,,,,,
,DROGENBOS GT1,150.0,,BE,,,,NG,,,,,,,,,,,,,,,,,,,,,,,,,,,,,,,
,DROGENBOS ST,160.0,,BE,,,,NG,,,,,,,,,,,,,,,,,,,,,,,,,,,,,,,
,Nobelwind Offshore Windpark,165.0,,BE,,,,WI,,,,,,,,,,,,,,,,,,,,,,,,,,,,,,,
,Froidchapelle Wind,25.0,,BE,,,,WI,,,,,,,,,,,,,,,,,,,,,,,,,,,,,,,
,Marcinelle Energie (Carsid),413.0,,BE,,,CCGT,NG,,,,,,,,,,,,,,,,,,,,,,,,,,,,,,,
,ANGLEUR TG 42,64.0,,BE,,,GT,NG,,,,,,,,,,,,,,,,,,,,,,,,,,,,,,,
,ANGLEUR TG32,25.0,,BE,,,,NG,,,,,,,,,,,,,,,,,,,,,,,,,,,,,,,
,EDF Luminus Izegem WKK,22.0,,BE,,,WKK,NG,,,,,,,,,,,,,,,,,,,,,,,,,,,,,,,
,HU AMPSIN-NEUVILLE,9.9,,BE,,,,WA,,,,,,,,,,,,,,,,,,,,,,,,,,,,,,,
,HU ANDENNE,9.0,,BE,,,,WA,,,,,,,,,,,,,,,,,,,,,,,,,,,,,,,
,Wilmarsdonk Total GT2,43.0,,BE,,,WKK,NG,,,,,,,,,,,,,,,,,,,,,,,,,,,,,,,
,Zedelgem TJ,18.0,,BE,,,TJ,LF,,,,,,,,,,,,,,,,,,,,,,,,,,,,,,,
,Zelzate TJ,18.0,,BE,,,TJ,LF,,,,,,,,,,,,,,,,,,,,,,,,,,,,,,,
,Zwijndrecht Lanxess ST,15.0,,BE,,,WKK,NG,,,,,,,,,,,,,,,,,,,,,,,,,,,,,,,
,Thorntonbank - C-Power - Area SW,177.6,,BE,,,,WI,,,,,,,,,,,,,,,,,,,,,,,,,,,,,,,
,Windvision Estinnes WIND,80.0,,BE,,,,WI,,,,,,,,,,,,,,,,,,,,,,,,,,,,,,,
,WM Park Powerport Zeebrugge,12.0,,BE,,,,WI,,,,,,,,,,,,,,,,,,,,,,,,,,,,,,,
,Eurosilo,12.9,,BE,,,WKK,NG,,,,,,,,,,,,,,,,,,,,,,,,,,,,,,,
,IVBO,16.0,,BE,,,IS,Other,,,,,,,,,,,,,,,,,,,,,,,,,,,,,,,
,Lanaken Sappi,43.0,,BE,,,WKK,NG,,,,,,,,,,,,,,,,,,,,,,,,,,,,,,,
,SAINT-GHISLAIN STEG,350.0,,BE,,,CCGT,NG,,,,,,,,,,,,,,,,,,,,,,,,,,,,,,,
,La Vierre,1.9,,BE,,,,WA,,,,,,,,,,,,,,,,,,,,,,,,,,,,,,,
,Oorderen Bayer,43.0,,BE,,,WKK,NG,,,,,,,,,,,,,,,,,,,,,,,,,,,,,,,
,Schaerbeek Siomab ST3,15.0,,BE,,,IS,Other,,,,,,,,,,,,,,,,,,,,,,,,,,,,,,,
,Scheldelaan Exxonmobil,140.0,,BE,,,WKK,NG,,,,,,,,,,,,,,,,,,,,,,,,,,,,,,,
,TIHANGE 1N,481.0,,BE,,,NU,NU,,,,,,,,,,,,,,,,,,,,,,,,,,,,,,,
,TIHANGE 1S,481.0,,BE,,,NU,NU,,,,,,,,,,,,,,,,,,,,,,,,,,,,,,,
,Beveren Ineos Phenolchemie,23.8,,BE,,,WKK,NG,,,,,,,,,,,,,,,,,,,,,,,,,,,,,,,
,Belwind Phase 1,171.0,,BE,,,,WI,,,,,,,,,,,,,,,,,,,,,,,,,,,,,,,
,Amercoeur 1 R TGV,451.0,,BE,,,CCGT,NG,,,,,,,,,,,,,,,,,,,,,,,,,,,,,,,
,Aalst Syral GT,43.0,,BE,,,WKK,NG,,,,,,,,,,,,,,,,,,,,,,,,,,,,,,,
,CIERREUX TJ,18.0,,BE,,,TJ,LF,,,,,,,,,,,,,,,,,,,,,,,,,,,,,,,
,DROGENBOS DM 52,2.5,,BE,,,D,LF,,,,,,,,,,,,,,,,,,,,,,,,,,,,,,,
,Deux-Acren TJ,18.0,,BE,,,TJ,LF,,,,,,,,,,,,,,,,,,,,,,,,,,,,,,,
,DOEL 3,1006.0,,BE,,,NU,NU,,,,,,,,,,,,,,,,,,,,,,,,,,,,,,,
,DROGENBOS DM 51,2.5,,BE,,,D,LF,,,,,,,,,,,,,,,,,,,,,,,,,,,,,,,
,DROGENBOS GT2,150.0,,BE,,,,NG,,,,,,,,,,,,,,,,,,,,,,,,,,,,,,,
,Taminco (Gent) WKK,6.3,,BE,,,WKK,NG,,,,,,,,,,,,,,,,,,,,,,,,,,,,,,,
,ZEEBRUGGE WIND,12.0,,BE,,,WT,WI,,,,,,,,,,,,,,,,,,,,,,,,,,,,,,,
,RODENHUIZE WIND,4.5,,BE,,,WT,WI,,,,,,,,,,,,,,,,,,,,,,,,,,,,,,,
,ANGLEUR TG31,25.0,,BE,,,,NG,,,,,,,,,,,,,,,,,,,,,,,,,,,,,,,
,Beveren 3 Indaver,24.0,,BE,,,IS,Other,,,,,,,,,,,,,,,,,,,,,,,,,,,,,,,
,HU GRAND-MALADES,5.0,,BE,,,,WA,,,,,,,,,,,,,,,,,,,,,,,,,,,,,,,
,HU LIXHE,20.0,,BE,,,HU,WA,,,,,,,,,,,,,,,,,,,,,,,,,,,,,,,
,Jemeppe-sur-Sambre GT2,48.0,,BE,,,,NG,,,,,,,,,,,,,,,,,,,,,,,,,,,,,,,
,HEID-DE-GOREUX 1,4.0,,BE,,,HU,WA,,,,,,,,,,,,,,,,,,,,,,,,,,,,,,,
,Zeebrugge 2 Fluxys,40.0,,BE,,,WKK,NG,,,,,,,,,,,,,,,,,,,,,,,,,,,,,,,
,Zelzate 2 Knippegroen,315.0,,BE,,,CL,Other,,,,,,,,,,,,,,,,,,,,,,,,,,,,,,,
,Greenpower Oostende,20.0,,BE,,,IS,Other,,,,,,,,,,,,,,,,,,,,,,,,,,,,,,,
,Aspiravi Wuustwezel,23.0,,BE,,,,WI,,,,,,,,,,,,,,,,,,,,,,,,,,,,,,,
,Incinerateur THUMAIDE (IPALLE),34.0,,BE,,,IS,Other,,,,,,,,,,,,,,,,,,,,,,,,,,,,,,,
,Intradel Herstal,34.0,,BE,,,IS,Other,,,,,,,,,,,,,,,,,,,,,,,,,,,,,,,
,Biostoom Oostende,19.4,,BE,,,CCGT,Other,,,,,,,,,,,,,,,,,,,,,,,,,,,,,,,
,INESCO WKK,138.0,,BE,,,CCGT,NG,,,,,,,,,,,,,,,,,,,,,,,,,,,,,,,
,Thorntonbank - C-Power - Area NE,147.6,,BE,,,,WI,,,,,,,,,,,,,,,,,,,,,,,,,,,,,,,
,Wilrijk Isvag,12.0,,BE,,,IS,Other,,,,,,,,,,,,,,,,,,,,,,,,,,,,,,,
,Electrawinds biomassa Oostende,18.0,,BE,,,WKK,Other,,,,,,,,,,,,,,,,,,,,,,,,,,,,,,,
,LANGERBRUGGE STORA ST 2,40.0,,BE,,,WKK,Other,,,,,,,,,,,,,,,,,,,,,,,,,,,,,,,
,Lillo Degussa GT1,43.0,,BE,,,WKK,NG,,,,,,,,,,,,,,,,,,,,,,,,,,,,,,,
,Lillo Degussa ST,10.0,,BE,,,WKK,NG,,,,,,,,,,,,,,,,,,,,,,,,,,,,,,,
,RODENHUIZE 4,268.0,,BE,,,CL,Other,,,,,,,,,,,,,,,,,,,,,,,,,,,,,,,
,TIHANGE 3,1038.0,,BE,,,NU,NU,,,,,,,,,,,,,,,,,,,,,,,,,,,,,,,
,Schaerbeek Siomab ST2,15.0,,BE,,,IS,Other,,,,,,,,,,,,,,,,,,,,,,,,,,,,,,,
,Turon TJ,18.6,,BE,,,TJ,LF,,,,,,,,,,,,,,,,,,,,,,,,,,,,,,,
,SCHELLE WIND,4.5,,BE,,,,WI,,,,,,,,,,,,,,,,,,,,,,,,,,,,,,,
,AWIRS 4,95.0,,BE,,,CL,Other,,,,,,,,,,,,,,,,,,,,,,,,,,,,,,,
,Aalst Syral GT,43.0,,BE,,,WKK,NG,,,,,,,,,,,,,,,,,,,,,,,,,,,,,,,
,Amercoeur 1 R TGV,451.0,,BE,,,CCGT,NG,,,,,,,,,,,,,,,,,,,,,,,,,,,,,,,
,AALTER TJ,18.6,,BE,,,TJ,LF,,,,,,,,,,,,,,,,,,,,,,,,,,,,,,,
,COO I T,474.0,,BE,,,,WA,,,,,,,,,,,,,,,,,,,,,,,,,,,,,,,
,DOEL 1,433.0,,BE,,,NU,NU,,,,,,,,,,,,,,,,,,,,,,,,,,,,,,,
,DOEL 2,433.0,,BE,,,NU,NU,,,,,,,,,,,,,,,,,,,,,,,,,,,,,,,
,DROGENBOS TGV,465.0,,BE,,,CCGT,NG,,,,,,,,,,,,,,,,,,,,,,,,,,,,,,,
,RINGVAART STEG,357.0,,BE,,,CCGT,NG,,,,,,,,,,,,,,,,,,,,,,,,,,,,,,,
,IXELLES TJ,18.6,,BE,,,TJ,LF,,,,,,,,,,,,,,,,,,,,,,,,,,,,,,,
,ANGLEUR TG32,29.0,,BE,,,,NG,,,,,,,,,,,,,,,,,,,,,,,,,,,,,,,
,Beveren 2 Indaver,20.0,,BE,,,IS,Other,,,,,,,,,,,,,,,,,,,,,,,,,,,,,,,
,Beveren Sleco,54.0,,BE,,,IS,Other,,,,,,,,,,,,,,,,,,,,,,,,,,,,,,,
,HAM31,58.0,,BE,,,GT,NG,,,,,,,,,,,,,,,,,,,,,,,,,,,,,,,
,HAM32,58.0,,BE,,,GT,NG,,,,,,,,,,,,,,,,,,,,,,,,,,,,,,,
,HERDERSBRUG STEG,465.0,,BE,,,CCGT,NG,,,,,,,,,,,,,,,,,,,,,,,,,,,,,,,
,RODENHUIZE 4,268.0,,BE,,,CL,Other,,,,,,,,,,,,,,,,,,,,,,,,,,,,,,,
,Zeebrugge TJ,18.6,,BE,,,TJ,LF,,,,,,,,,,,,,,,,,,,,,,,,,,,,,,,
,Zelzate TJ,18.6,,BE,,,TJ,LF,,,,,,,,,,,,,,,,,,,,,,,,,,,,,,,
,Greenpower Oostende,20.0,,BE,,,IS,Other,,,,,,,,,,,,,,,,,,,,,,,,,,,,,,,
,Eurosilo,12.9,,BE,,,WKK,NG,,,,,,,,,,,,,,,,,,,,,,,,,,,,,,,
,PLATE-TAILLE T,144.0,,BE,,,,WA,,,,,,,,,,,,,,,,,,,,,,,,,,,,,,,
,INESCO WKK,138.0,,BE,,,CCGT,NG,,,,,,,,,,,,,,,,,,,,,,,,,,,,,,,
,T-power Beringen,422.0,,BE,,,CCGT,NG,,,,,,,,,,,,,,,,,,,,,,,,,,,,,,,
,Wilrijk Isvag,10.5,,BE,,,IS,Other,,,,,,,,,,,,,,,,,,,,,,,,,,,,,,,
,Wilmarsdonk Total GT2,43.0,,BE,,,WKK,NG,,,,,,,,,,,,,,,,,,,,,,,,,,,,,,,
,LANGERBRUGGE STORA ST 2,40.0,,BE,,,WKK,Other,,,,,,,,,,,,,,,,,,,,,,,,,,,,,,,
,Noordschote TJ,18.6,,BE,,,TJ,LF,,,,,,,,,,,,,,,,,,,,,,,,,,,,,,,
,Oorderen Bayer,43.0,,BE,,,WKK,NG,,,,,,,,,,,,,,,,,,,,,,,,,,,,,,,
,SCHELLE WIND,4.5,,BE,,,,WI,,,,,,,,,,,,,,,,,,,,,,,,,,,,,,,
,TIHANGE 2,1008.0,,BE,,,NU,NU,,,,,,,,,,,,,,,,,,,,,,,,,,,,,,,
,Belwind Phase 1,171.0,,BE,,,,WI,,,,,,,,,,,,,,,,,,,,,,,,,,,,,,,
,BEERSE TJ,33.2,,BE,,,TJ,LF,,,,,,,,,,,,,,,,,,,,,,,,,,,,,,,
,ArcelorMittal Belgium Gent Wind,26.3,,BE,,,,WI,,,,,,,,,,,,,,,,,,,,,,,,,,,,,,,
,Taminco (Gent) WKK,6.3,,BE,,,WKK,NG,,,,,,,,,,,,,,,,,,,,,,,,,,,,,,,
,COO II T,690.0,,BE,,,,WA,,,,,,,,,,,,,,,,,,,,,,,,,,,,,,,
,Deux-Acren TJ,18.6,,BE,,,TJ,LF,,,,,,,,,,,,,,,,,,,,,,,,,,,,,,,
,DROGENBOS DM 51,2.5,,BE,,,D,LF,,,,,,,,,,,,,,,,,,,,,,,,,,,,,,,
,DROGENBOS DM 52,2.5,,BE,,,D,LF,,,,,,,,,,,,,,,,,,,,,,,,,,,,,,,
,ZEEBRUGGE WIND,12.0,,BE,,,WT,WI,,,,,,,,,,,,,,,,,,,,,,,,,,,,,,,
,Nobelwind Offshore Windpark,165.0,,BE,,,,WI,,,,,,,,,,,,,,,,,,,,,,,,,,,,,,,
,ANGLEUR TG 42,64.0,,BE,,,GT,NG,,,,,,,,,,,,,,,,,,,,,,,,,,,,,,,
,ANGLEUR TG31,29.0,,BE,,,,NG,,,,,,,,,,,,,,,,,,,,,,,,,,,,,,,
,HU ANDENNE,9.0,,BE,,,,WA,,,,,,,,,,,,,,,,,,,,,,,,,,,,,,,
,HU FLORIFFOUX,0.8,,BE,,,,WA,,,,,,,,,,,,,,,,,,,,,,,,,,,,,,,
,HU GRAND-MALADES,5.0,,BE,,,,WA,,,,,,,,,,,,,,,,,,,,,,,,,,,,,,,
,HU IVOZ-RAMET,10.0,,BE,,,,WA,,,,,,,,,,,,,,,,,,,,,,,,,,,,,,,
,HU LIXHE,20.0,,BE,,,HU,WA,,,,,,,,,,,,,,,,,,,,,,,,,,,,,,,
,Jemeppe-sur-Sambre ST,8.0,,BE,,,WKK,NG,,,,,,,,,,,,,,,,,,,,,,,,,,,,,,,
,Wilmarsdonk Total GT3,43.0,,BE,,,WKK,NG,,,,,,,,,,,,,,,,,,,,,,,,,,,,,,,
,Zandvliet Power,386.2,,BE,,,CCGT,NG,,,,,,,,,,,,,,,,,,,,,,,,,,,,,,,
,Zeebrugge 2 Fluxys,40.0,,BE,,,WKK,NG,,,,,,,,,,,,,,,,,,,,,,,,,,,,,,,
,Zwijndrecht Lanxess GT,43.0,,BE,,,WKK,NG,,,,,,,,,,,,,,,,,,,,,,,,,,,,,,,
,Zwijndrecht Lanxess ST,15.0,,BE,,,WKK,NG,,,,,,,,,,,,,,,,,,,,,,,,,,,,,,,
,Electrawinds biomassa Oostende,17.9,,BE,,,WKK,Other,,,,,,,,,,,,,,,,,,,,,,,,,,,,,,,
,Windvision Estinnes WIND,80.0,,BE,,,,WI,,,,,,,,,,,,,,,,,,,,,,,,,,,,,,,
,Aspiravi Wuustwezel,22.1,,BE,,,,WI,,,,,,,,,,,,,,,,,,,,,,,,,,,,,,,
,IVBO,16.0,,BE,,,IS,Other,,,,,,,,,,,,,,,,,,,,,,,,,,,,,,,
,Lanaken Sappi,43.0,,BE,,,WKK,NG,,,,,,,,,,,,,,,,,,,,,,,,,,,,,,,
,SAINT-GHISLAIN STEG,350.0,,BE,,,CCGT,NG,,,,,,,,,,,,,,,,,,,,,,,,,,,,,,,
,Wilmarsdonk Total GT1,43.0,,BE,,,WKK,NG,,,,,,,,,,,,,,,,,,,,,,,,,,,,,,,
,Lillo Degussa GT1,43.0,,BE,,,WKK,NG,,,,,,,,,,,,,,,,,,,,,,,,,,,,,,,
,Lillo Degussa ST,10.0,,BE,,,WKK,NG,,,,,,,,,,,,,,,,,,,,,,,,,,,,,,,
,Oud-Lillo Monsanto,43.0,,BE,,,WKK,NG,,,,,,,,,,,,,,,,,,,,,,,,,,,,,,,
,RODENHUIZE WIND,4.5,,BE,,,WT,WI,,,,,,,,,,,,,,,,,,,,,,,,,,,,,,,
,Northwind,216.0,,BE,,,,WI,,,,,,,,,,,,,,,,,,,,,,,,,,,,,,,
,Schaerbeek Siomab ST1,15.0,,BE,,,IS,Other,,,,,,,,,,,,,,,,,,,,,,,,,,,,,,,
,TIHANGE 1S,481.0,,BE,,,NU,NU,,,,,,,,,,,,,,,,,,,,,,,,,,,,,,,
,TIHANGE 1N,481.0,,BE,,,NU,NU,,,,,,,,,,,,,,,,,,,,,,,,,,,,,,,
,Scheldelaan Exxonmobil,140.0,,BE,,,WKK,NG,,,,,,,,,,,,,,,,,,,,,,,,,,,,,,,
,Schaerbeek Siomab ST2,15.0,,BE,,,IS,Other,,,,,,,,,,,,,,,,,,,,,,,,,,,,,,,
,Beveren Ineos Phenolchemie,22.8,,BE,,,WKK,NG,,,,,,,,,,,,,,,,,,,,,,,,,,,,,,,
,Aalst Syral ST,5.0,,BE,,,WKK,NG,,,,,,,,,,,,,,,,,,,,,,,,,,,,,,,
,CIERREUX TJ,18.6,,BE,,,TJ,LF,,,,,,,,,,,,,,,,,,,,,,,,,,,,,,,
,DOEL 3,1006.0,,BE,,,NU,NU,,,,,,,,,,,,,,,,,,,,,,,,,,,,,,,
,DOEL 4,1039.0,,BE,,,NU,NU,,,,,,,,,,,,,,,,,,,,,,,,,,,,,,,
,HEID-DE-GOREUX 1,4.0,,BE,,,HU,WA,,,,,,,,,,,,,,,,,,,,,,,,,,,,,,,
,HEID-DE-GOREUX 2,4.0,,BE,,,HU,WA,,,,,,,,,,,,,,,,,,,,,,,,,,,,,,,
,BUTGENBACH,1.8,,BE,,,HU,WA,,,,,,,,,,,,,,,,,,,,,,,,,,,,,,,
,Froidchapelle Wind,25.0,,BE,,,,WI,,,,,,,,,,,,,,,,,,,,,,,,,,,,,,,
,Marcinelle Energie (Carsid),405.0,,BE,,,CCGT,NG,,,,,,,,,,,,,,,,,,,,,,,,,,,,,,,
,ANGLEUR TG 41,64.0,,BE,,,GT,NG,,,,,,,,,,,,,,,,,,,,,,,,,,,,,,,
,EDF Luminus Izegem WKK,22.0,,BE,,,WKK,NG,,,,,,,,,,,,,,,,,,,,,,,,,,,,,,,
,HAM-GENT WKK,52.0,,BE,,,CCGT,NG,,,,,,,,,,,,,,,,,,,,,,,,,,,,,,,
,HU AMPSIN-NEUVILLE,9.9,,BE,,,,WA,,,,,,,,,,,,,,,,,,,,,,,,,,,,,,,
,HU MONSIN,19.7,,BE,,,,WA,,,,,,,,,,,,,,,,,,,,,,,,,,,,,,,
,Jemeppe-sur-Sambre GT1,43.0,,BE,,,WKK,NG,,,,,,,,,,,,,,,,,,,,,,,,,,,,,,,
,Jemeppe-sur-Sambre GT2,43.0,,BE,,,WKK,NG,,,,,,,,,,,,,,,,,,,,,,,,,,,,,,,
,La Vierre,1.9,,BE,,,,WA,,,,,,,,,,,,,,,,,,,,,,,,,,,,,,,
,Zedelgem TJ,18.6,,BE,,,TJ,LF,,,,,,,,,,,,,,,,,,,,,,,,,,,,,,,
,Zelzate 2 Knippegroen,315.0,,BE,,,CL,Other,,,,,,,,,,,,,,,,,,,,,,,,,,,,,,,
,Thorntonbank - C-Power - Area SW,177.6,,BE,,,,WI,,,,,,,,,,,,,,,,,,,,,,,,,,,,,,,
,WM Park Powerport Zeebrugge,12.0,,BE,,,,WI,,,,,,,,,,,,,,,,,,,,,,,,,,,,,,,
,Incinerateur THUMAIDE (IPALLE),32.0,,BE,,,IS,Other,,,,,,,,,,,,,,,,,,,,,,,,,,,,,,,
,Intradel Herstal,32.0,,BE,,,IS,Other,,,,,,,,,,,,,,,,,,,,,,,,,,,,,,,
,Biostoom Oostende,19.4,,BE,,,CCGT,Other,,,,,,,,,,,,,,,,,,,,,,,,,,,,,,,
,Thorntonbank - C-Power - Area NE,147.6,,BE,,,,WI,,,,,,,,,,,,,,,,,,,,,,,,,,,,,,,
,LANGERBRUGGE STORA ST 1,10.0,,BE,,,WKK,Other,,,,,,,,,,,,,,,,,,,,,,,,,,,,,,,
,Lillo Degussa GT2,32.0,,BE,,,WKK,NG,,,,,,,,,,,,,,,,,,,,,,,,,,,,,,,
,Turon TJ,18.6,,BE,,,TJ,LF,,,,,,,,,,,,,,,,,,,,,,,,,,,,,,,
,TIHANGE 3,1038.0,,BE,,,NU,NU,,,,,,,,,,,,,,,,,,,,,,,,,,,,,,,
,Schaerbeek Siomab ST3,15.0,,BE,,,IS,Other,,,,,,,,,,,,,,,,,,,,,,,,,,,,,,,
,BUDA TJ,18.6,,BE,,,TJ,LF,,,,,,,,,,,,,,,,,,,,,,,,,,,,,,,
,COO II T,690.0,,BE,,,,WA,,,,,,,,,,,,,,,,,,,,,,,,,,,,,,,
,Deux-Acren TJ,18.6,,BE,,,TJ,LF,,,,,,,,,,,,,,,,,,,,,,,,,,,,,,,
,DOEL 1,433.0,,BE,,,NU,NU,,,,,,,,,,,,,,,,,,,,,,,,,,,,,,,
,DOEL 2,433.0,,BE,,,NU,NU,,,,,,,,,,,,,,,,,,,,,,,,,,,,,,,
,DOEL 3,1006.0,,BE,,,NU,NU,,,,,,,,,,,,,,,,,,,,,,,,,,,,,,,
,DROGENBOS DM 51,2.5,,BE,,,D,LF,,,,,,,,,,,,,,,,,,,,,,,,,,,,,,,
,DROGENBOS TGV,465.0,,BE,,,CCGT,NG,,,,,,,,,,,,,,,,,,,,,,,,,,,,,,,
,HEID-DE-GOREUX 1,4.0,,BE,,,HU,WA,,,,,,,,,,,,,,,,,,,,,,,,,,,,,,,
,HERDERSBRUG STEG,465.0,,BE,,,CCGT,NG,,,,,,,,,,,,,,,,,,,,,,,,,,,,,,,
,HU GRAND-MALADES,5.0,,BE,,,,WA,,,,,,,,,,,,,,,,,,,,,,,,,,,,,,,
,AWIRS 4,95.0,,BE,,,CL,Other,,,,,,,,,,,,,,,,,,,,,,,,,,,,,,,
,Beveren Sleco,54.0,,BE,,,IS,Other,,,,,,,,,,,,,,,,,,,,,,,,,,,,,,,
,HAM31,58.0,,BE,,,GT,NG,,,,,,,,,,,,,,,,,,,,,,,,,,,,,,,
,HU FLORIFFOUX,0.8,,BE,,,,WA,,,,,,,,,,,,,,,,,,,,,,,,,,,,,,,
,HU IVOZ-RAMET,10.0,,BE,,,,WA,,,,,,,,,,,,,,,,,,,,,,,,,,,,,,,
,HU LIXHE,20.0,,BE,,,HU,WA,,,,,,,,,,,,,,,,,,,,,,,,,,,,,,,
,Taminco (Gent) WKK,6.3,,BE,,,WKK,NG,,,,,,,,,,,,,,,,,,,,,,,,,,,,,,,
,Aalst Syral GT,43.0,,BE,,,WKK,NG,,,,,,,,,,,,,,,,,,,,,,,,,,,,,,,
,Aalst Syral ST,5.0,,BE,,,WKK,NG,,,,,,,,,,,,,,,,,,,,,,,,,,,,,,,
,Zeebrugge 2 Fluxys,40.0,,BE,,,WKK,NG,,,,,,,,,,,,,,,,,,,,,,,,,,,,,,,
,Zwijndrecht Lanxess GT,43.0,,BE,,,WKK,NG,,,,,,,,,,,,,,,,,,,,,,,,,,,,,,,
,Windvision Estinnes WIND,80.0,,BE,,,,WI,,,,,,,,,,,,,,,,,,,,,,,,,,,,,,,
,Intradel Herstal,32.0,,BE,,,IS,Other,,,,,,,,,,,,,,,,,,,,,,,,,,,,,,,
,INESCO WKK,138.0,,BE,,,CCGT,NG,,,,,,,,,,,,,,,,,,,,,,,,,,,,,,,
,Thorntonbank - C-Power - Area NE,147.6,,BE,,,,WI,,,,,,,,,,,,,,,,,,,,,,,,,,,,,,,
,T-power Beringen,422.0,,BE,,,CCGT,NG,,,,,,,,,,,,,,,,,,,,,,,,,,,,,,,
,LANGERLO 1,235.0,,BE,,,CL,CP,,,,,,,,,,,,,,,,,,,,,,,,,,,,,,,
,LANGERLO 4 REPOWERING,43.0,,BE,,,,NG,,,,,,,,,,,,,,,,,,,,,,,,,,,,,,,
,Zandvliet Power,384.0,,BE,,,CCGT,NG,,,,,,,,,,,,,,,,,,,,,,,,,,,,,,,
,Northwind,216.0,,BE,,,,WI,,,,,,,,,,,,,,,,,,,,,,,,,,,,,,,
,Oud-Lillo Monsanto,43.0,,BE,,,WKK,NG,,,,,,,,,,,,,,,,,,,,,,,,,,,,,,,
,Schaerbeek Siomab ST2,15.0,,BE,,,IS,Other,,,,,,,,,,,,,,,,,,,,,,,,,,,,,,,
,SCHELLE WIND,4.5,,BE,,,,WI,,,,,,,,,,,,,,,,,,,,,,,,,,,,,,,
,Turon TJ,18.6,,BE,,,TJ,LF,,,,,,,,,,,,,,,,,,,,,,,,,,,,,,,
,Wilmarsdonk Total GT2,43.0,,BE,,,WKK,NG,,,,,,,,,,,,,,,,,,,,,,,,,,,,,,,
,DOEL 4,1038.0,,BE,,,NU,NU,,,,,,,,,,,,,,,,,,,,,,,,,,,,,,,
,Beveren Ineos Phenolchemie,22.8,,BE,,,WKK,NG,,,,,,,,,,,,,,,,,,,,,,,,,,,,,,,
,CIERREUX TJ,18.6,,BE,,,TJ,LF,,,,,,,,,,,,,,,,,,,,,,,,,,,,,,,
,DROGENBOS GT0,48.0,,BE,,,GT,NG,,,,,,,,,,,,,,,,,,,,,,,,,,,,,,,
,HERDERSBRUG WIND,3.0,,BE,,,WT,WI,,,,,,,,,,,,,,,,,,,,,,,,,,,,,,,
,IXELLES TJ,18.6,,BE,,,TJ,LF,,,,,,,,,,,,,,,,,,,,,,,,,,,,,,,
,Lanaken Sappi,43.0,,BE,,,WKK,NG,,,,,,,,,,,,,,,,,,,,,,,,,,,,,,,
,Belwind Phase 1,171.0,,BE,,,,WI,,,,,,,,,,,,,,,,,,,,,,,,,,,,,,,
,Amercoeur 1 R TGV,451.0,,BE,,,CCGT,NG,,,,,,,,,,,,,,,,,,,,,,,,,,,,,,,
,Froidchapelle Wind,25.0,,BE,,,,WI,,,,,,,,,,,,,,,,,,,,,,,,,,,,,,,
,Jemeppe-sur-Sambre ST,8.0,,BE,,,WKK,NG,,,,,,,,,,,,,,,,,,,,,,,,,,,,,,,
,Beveren 2 Indaver,20.0,,BE,,,IS,Other,,,,,,,,,,,,,,,,,,,,,,,,,,,,,,,
,HAM32,58.0,,BE,,,GT,NG,,,,,,,,,,,,,,,,,,,,,,,,,,,,,,,
,HU MONSIN,19.7,,BE,,,,WA,,,,,,,,,,,,,,,,,,,,,,,,,,,,,,,
,RINGVAART STEG,357.0,,BE,,,CCGT,NG,,,,,,,,,,,,,,,,,,,,,,,,,,,,,,,
,Jemeppe-sur-Sambre GT1,43.0,,BE,,,WKK,NG,,,,,,,,,,,,,,,,,,,,,,,,,,,,,,,
,Zelzate TJ,18.6,,BE,,,TJ,LF,,,,,,,,,,,,,,,,,,,,,,,,,,,,,,,
,Zwijndrecht Lanxess ST,15.0,,BE,,,WKK,NG,,,,,,,,,,,,,,,,,,,,,,,,,,,,,,,
,Electrawinds biomassa Oostende,17.9,,BE,,,WKK,Other,,,,,,,,,,,,,,,,,,,,,,,,,,,,,,,
,Thorntonbank - C-Power - Area SW,177.6,,BE,,,,WI,,,,,,,,,,,,,,,,,,,,,,,,,,,,,,,
,Eurosilo,12.9,,BE,,,WKK,NG,,,,,,,,,,,,,,,,,,,,,,,,,,,,,,,
,Biostoom Oostende,19.4,,BE,,,CCGT,Other,,,,,,,,,,,,,,,,,,,,,,,,,,,,,,,
,LANGERLO 2,235.0,,BE,,,CL,CP,,,,,,,,,,,,,,,,,,,,,,,,,,,,,,,
,Noordschote TJ,18.6,,BE,,,TJ,LF,,,,,,,,,,,,,,,,,,,,,,,,,,,,,,,
,RODENHUIZE 4,268.0,,BE,,,CL,Other,,,,,,,,,,,,,,,,,,,,,,,,,,,,,,,
,RODENHUIZE WIND,4.5,,BE,,,WT,WI,,,,,,,,,,,,,,,,,,,,,,,,,,,,,,,
,SAINT-GHISLAIN STEG,350.0,,BE,,,CCGT,NG,,,,,,,,,,,,,,,,,,,,,,,,,,,,,,,
,Schaerbeek Siomab ST1,15.0,,BE,,,IS,Other,,,,,,,,,,,,,,,,,,,,,,,,,,,,,,,
,Wilmarsdonk Total GT3,43.0,,BE,,,WKK,NG,,,,,,,,,,,,,,,,,,,,,,,,,,,,,,,
,Wilrijk Isvag,10.5,,BE,,,IS,Other,,,,,,,,,,,,,,,,,,,,,,,,,,,,,,,
,TIHANGE 2,1008.0,,BE,,,NU,NU,,,,,,,,,,,,,,,,,,,,,,,,,,,,,,,
,TIHANGE 1N,481.0,,BE,,,NU,NU,,,,,,,,,,,,,,,,,,,,,,,,,,,,,,,
,BUTGENBACH,1.8,,BE,,,HU,WA,,,,,,,,,,,,,,,,,,,,,,,,,,,,,,,
,COO I T,474.0,,BE,,,,WA,,,,,,,,,,,,,,,,,,,,,,,,,,,,,,,
,La Vierre,1.9,,BE,,,,WA,,,,,,,,,,,,,,,,,,,,,,,,,,,,,,,
,DROGENBOS DM 52,2.5,,BE,,,D,LF,,,,,,,,,,,,,,,,,,,,,,,,,,,,,,,
,HEID-DE-GOREUX 2,4.0,,BE,,,HU,WA,,,,,,,,,,,,,,,,,,,,,,,,,,,,,,,
,IVBO,16.0,,BE,,,IS,Other,,,,,,,,,,,,,,,,,,,,,,,,,,,,,,,
,BEERSE TJ,33.2,,BE,,,TJ,LF,,,,,,,,,,,,,,,,,,,,,,,,,,,,,,,
,LANGERBRUGGE STORA ST 2,40.0,,BE,,,WKK,Other,,,,,,,,,,,,,,,,,,,,,,,,,,,,,,,
,Jemeppe-sur-Sambre GT2,43.0,,BE,,,WKK,NG,,,,,,,,,,,,,,,,,,,,,,,,,,,,,,,
,ANGLEUR TG 41,64.0,,BE,,,GT,NG,,,,,,,,,,,,,,,,,,,,,,,,,,,,,,,
,ANGLEUR TG 42,64.0,,BE,,,GT,NG,,,,,,,,,,,,,,,,,,,,,,,,,,,,,,,
,HAM-GENT WKK,52.0,,BE,,,CCGT,NG,,,,,,,,,,,,,,,,,,,,,,,,,,,,,,,
,HU AMPSIN-NEUVILLE,9.9,,BE,,,,WA,,,,,,,,,,,,,,,,,,,,,,,,,,,,,,,
,HU ANDENNE,9.0,,BE,,,,WA,,,,,,,,,,,,,,,,,,,,,,,,,,,,,,,
,ZEEBRUGGE WIND,12.0,,BE,,,WT,WI,,,,,,,,,,,,,,,,,,,,,,,,,,,,,,,
,AALTER TJ,18.6,,BE,,,TJ,LF,,,,,,,,,,,,,,,,,,,,,,,,,,,,,,,
,LANGERBRUGGE STORA ST 1,10.0,,BE,,,WKK,Other,,,,,,,,,,,,,,,,,,,,,,,,,,,,,,,
,Lillo Degussa GT1,43.0,,BE,,,WKK,NG,,,,,,,,,,,,,,,,,,,,,,,,,,,,,,,
,Zelzate 2 Knippegroen,315.0,,BE,,,CL,Other,,,,,,,,,,,,,,,,,,,,,,,,,,,,,,,
,Greenpower Oostende,20.0,,BE,,,IS,Other,,,,,,,,,,,,,,,,,,,,,,,,,,,,,,,
,WM Park Powerport Zeebrugge,12.0,,BE,,,,WI,,,,,,,,,,,,,,,,,,,,,,,,,,,,,,,
,Marcinelle Energie (Carsid),405.0,,BE,,,CCGT,NG,,,,,,,,,,,,,,,,,,,,,,,,,,,,,,,
,Incinerateur THUMAIDE (IPALLE),32.0,,BE,,,IS,Other,,,,,,,,,,,,,,,,,,,,,,,,,,,,,,,
,PLATE TAILLE T,144.0,,BE,,,,WA,,,,,,,,,,,,,,,,,,,,,,,,,,,,,,,
,LANGERLO 3 REPOWERING,43.0,,BE,,,,NG,,,,,,,,,,,,,,,,,,,,,,,,,,,,,,,
,Lillo Degussa GT2,32.0,,BE,,,WKK,NG,,,,,,,,,,,,,,,,,,,,,,,,,,,,,,,
,Zeebrugge TJ,18.6,,BE,,,TJ,LF,,,,,,,,,,,,,,,,,,,,,,,,,,,,,,,
,Aspiravi Wuustwezel,22.1,,BE,,,,WI,,,,,,,,,,,,,,,,,,,,,,,,,,,,,,,
,Zedelgem TJ,18.6,,BE,,,TJ,LF,,,,,,,,,,,,,,,,,,,,,,,,,,,,,,,
,Scheldelaan Exxonmobil,140.0,,BE,,,WKK,NG,,,,,,,,,,,,,,,,,,,,,,,,,,,,,,,
,Oorderen Bayer,43.0,,BE,,,WKK,NG,,,,,,,,,,,,,,,,,,,,,,,,,,,,,,,
,Schaerbeek Siomab ST3,15.0,,BE,,,IS,Other,,,,,,,,,,,,,,,,,,,,,,,,,,,,,,,
,Lillo Degussa ST,10.0,,BE,,,WKK,NG,,,,,,,,,,,,,,,,,,,,,,,,,,,,,,,
,Wilmarsdonk Total GT1,43.0,,BE,,,WKK,NG,,,,,,,,,,,,,,,,,,,,,,,,,,,,,,,
,TIHANGE 3,1045.8,,BE,,,NU,NU,,,,,,,,,,,,,,,,,,,,,,,,,,,,,,,
,TIHANGE 1S,481.0,,BE,,,NU,NU,,,,,,,,,,,,,,,,,,,,,,,,,,,,,,,
,DROGENBOS TGV,465.0,,BE,,,CCGT,NG,,,,,,,,,,,,,,,,,,,,,,,,,,,,,,,
,COO I T,474.0,,BE,,,,WA,,,,,,,,,,,,,,,,,,,,,,,,,,,,,,,
,Deux-Acren TJ,18.6,,BE,,,TJ,LF,,,,,,,,,,,,,,,,,,,,,,,,,,,,,,,
,DOEL 4,1038.0,,BE,,,NU,NU,,,,,,,,,,,,,,,,,,,,,,,,,,,,,,,
,DROGENBOS DM 51,2.5,,BE,,,D,LF,,,,,,,,,,,,,,,,,,,,,,,,,,,,,,,
,Froidchapelle Wind,25.0,,BE,,,,WI,,,,,,,,,,,,,,,,,,,,,,,,,,,,,,,
,HEID-DE-GOREUX 1,4.0,,BE,,,HU,WA,,,,,,,,,,,,,,,,,,,,,,,,,,,,,,,
,IVBO,16.0,,BE,,,IS,Other,,,,,,,,,,,,,,,,,,,,,,,,,,,,,,,
,IXELLES TJ,18.6,,BE,,,TJ,LF,,,,,,,,,,,,,,,,,,,,,,,,,,,,,,,
,Jemeppe-sur-Sambre ST,8.0,,BE,,,WKK,NG,,,,,,,,,,,,,,,,,,,,,,,,,,,,,,,
,La Vierre,1.9,,BE,,,,WA,,,,,,,,,,,,,,,,,,,,,,,,,,,,,,,
,Beveren 2 Indaver,20.0,,BE,,,IS,Other,,,,,,,,,,,,,,,,,,,,,,,,,,,,,,,
,Beveren Sleco,54.0,,BE,,,IS,Other,,,,,,,,,,,,,,,,,,,,,,,,,,,,,,,
,HAM-GENT WKK,52.0,,BE,,,CCGT,NG,,,,,,,,,,,,,,,,,,,,,,,,,,,,,,,
,IZEGEM,22.0,,BE,,,WKK,NG,,,,,,,,,,,,,,,,,,,,,,,,,,,,,,,
,MONSIN TG2,70.0,,BE,,,GT,LF,,,,,,,,,,,,,,,,,,,,,,,,,,,,,,,
,AALTER TJ,18.6,,BE,,,TJ,LF,,,,,,,,,,,,,,,,,,,,,,,,,,,,,,,
,BEERSE TJ,33.2,,BE,,,TJ,LF,,,,,,,,,,,,,,,,,,,,,,,,,,,,,,,
,Zwijndrecht Lanxess ST,15.0,,BE,,,WKK,NG,,,,,,,,,,,,,,,,,,,,,,,,,,,,,,,
,Greenpower Oostende,20.0,,BE,,,IS,Other,,,,,,,,,,,,,,,,,,,,,,,,,,,,,,,
,Thorntonbank - C-Power - Area SW,177.6,,BE,,,,WI,,,,,,,,,,,,,,,,,,,,,,,,,,,,,,,
,ZEEBRUGGE WIND,12.0,,BE,,,WT,WI,,,,,,,,,,,,,,,,,,,,,,,,,,,,,,,
,Marcinelle Energie (Carsid),405.0,,BE,,,CCGT,NG,,,,,,,,,,,,,,,,,,,,,,,,,,,,,,,
,LANGERLO 1,235.0,,BE,,,CL,CP,,,,,,,,,,,,,,,,,,,,,,,,,,,,,,,
,LANGERLO 3 REPOWERING,43.0,,BE,,,,NG,,,,,,,,,,,,,,,,,,,,,,,,,,,,,,,
,Lillo Degussa GT1,43.0,,BE,,,WKK,NG,,,,,,,,,,,,,,,,,,,,,,,,,,,,,,,
,Intradel Herstal,32.0,,BE,,,IS,Other,,,,,,,,,,,,,,,,,,,,,,,,,,,,,,,
,PLATE TAILLE T,144.0,,BE,,,,WA,,,,,,,,,,,,,,,,,,,,,,,,,,,,,,,
,Biostoom Oostende,19.4,,BE,,,CCGT,Other,,,,,,,,,,,,,,,,,,,,,,,,,,,,,,,
,INESCO WKK,138.0,,BE,,,CCGT,NG,,,,,,,,,,,,,,,,,,,,,,,,,,,,,,,
,Thorntonbank - C-Power - Area NE,147.6,,BE,,,,WI,,,,,,,,,,,,,,,,,,,,,,,,,,,,,,,
,T-power Beringen,422.0,,BE,,,CCGT,NG,,,,,,,,,,,,,,,,,,,,,,,,,,,,,,,
,Zedelgem TJ,18.6,,BE,,,TJ,LF,,,,,,,,,,,,,,,,,,,,,,,,,,,,,,,
,Lillo Degussa GT2,32.0,,BE,,,WKK,NG,,,,,,,,,,,,,,,,,,,,,,,,,,,,,,,
,Lillo Degussa ST,10.0,,BE,,,WKK,NG,,,,,,,,,,,,,,,,,,,,,,,,,,,,,,,
,Noordschote TJ,18.6,,BE,,,TJ,LF,,,,,,,,,,,,,,,,,,,,,,,,,,,,,,,
,Oorderen Bayer,43.0,,BE,,,WKK,NG,,,,,,,,,,,,,,,,,,,,,,,,,,,,,,,
,SAINT-GHISLAIN STEG,350.0,,BE,,,CCGT,NG,,,,,,,,,,,,,,,,,,,,,,,,,,,,,,,
,Schaerbeek Siomab ST3,15.0,,BE,,,IS,Other,,,,,,,,,,,,,,,,,,,,,,,,,,,,,,,
,Scheldelaan Exxonmobil,140.0,,BE,,,WKK,NG,,,,,,,,,,,,,,,,,,,,,,,,,,,,,,,
,Wilmarsdonk Total GT3,43.0,,BE,,,WKK,NG,,,,,,,,,,,,,,,,,,,,,,,,,,,,,,,
,Wilrijk Isvag,10.5,,BE,,,IS,Other,,,,,,,,,,,,,,,,,,,,,,,,,,,,,,,
,CIERREUX TJ,18.6,,BE,,,TJ,LF,,,,,,,,,,,,,,,,,,,,,,,,,,,,,,,
,DROGENBOS DM 52,2.5,,BE,,,D,LF,,,,,,,,,,,,,,,,,,,,,,,,,,,,,,,
,DROGENBOS GT0,48.0,,BE,,,GT,NG,,,,,,,,,,,,,,,,,,,,,,,,,,,,,,,
,BUTGENBACH,1.8,,BE,,,HU,WA,,,,,,,,,,,,,,,,,,,,,,,,,,,,,,,
,LANGERBRUGGE STORA ST 1,10.0,,BE,,,WKK,Other,,,,,,,,,,,,,,,,,,,,,,,,,,,,,,,
,HU AMPSIN-NEUVILLE,9.9,,BE,,,,WA,,,,,,,,,,,,,,,,,,,,,,,,,,,,,,,
,HU ANDENNE,9.0,,BE,,,,WA,,,,,,,,,,,,,,,,,,,,,,,,,,,,,,,
,HU FLORIFFOUX,0.8,,BE,,,,WA,,,,,,,,,,,,,,,,,,,,,,,,,,,,,,,
,HU GRAND-MALADES,5.0,,BE,,,,WA,,,,,,,,,,,,,,,,,,,,,,,,,,,,,,,
,HU LIXHE,20.0,,BE,,,HU,WA,,,,,,,,,,,,,,,,,,,,,,,,,,,,,,,
,HU MONSIN,19.7,,BE,,,,WA,,,,,,,,,,,,,,,,,,,,,,,,,,,,,,,
,RINGVAART STEG,357.0,,BE,,,CCGT,NG,,,,,,,,,,,,,,,,,,,,,,,,,,,,,,,
,Aalst Syral GT,43.0,,BE,,,WKK,NG,,,,,,,,,,,,,,,,,,,,,,,,,,,,,,,
,Aalst Syral ST,5.0,,BE,,,WKK,NG,,,,,,,,,,,,,,,,,,,,,,,,,,,,,,,
,Amercoeur 1 R TGV,451.0,,BE,,,CCGT,NG,,,,,,,,,,,,,,,,,,,,,,,,,,,,,,,
,AWIRS 4,95.0,,BE,,,CL,Other,,,,,,,,,,,,,,,,,,,,,,,,,,,,,,,
,Belwind Phase 1,171.0,,BE,,,,WI,,,,,,,,,,,,,,,,,,,,,,,,,,,,,,,
,LANGERBRUGGE STORA ST 2,40.0,,BE,,,WKK,Other,,,,,,,,,,,,,,,,,,,,,,,,,,,,,,,
,LANGERLO 2,235.0,,BE,,,CL,CP,,,,,,,,,,,,,,,,,,,,,,,,,,,,,,,
,Electrawinds biomassa Oostende,17.9,,BE,,,WKK,Other,,,,,,,,,,,,,,,,,,,,,,,,,,,,,,,
,LANGERLO 4 REPOWERING,43.0,,BE,,,,NG,,,,,,,,,,,,,,,,,,,,,,,,,,,,,,,
,VILVOORDE TGV,265.0,,BE,,,GT,NG,,,,,,,,,,,,,,,,,,,,,,,,,,,,,,,
,Zeebrugge TJ,18.6,,BE,,,TJ,LF,,,,,,,,,,,,,,,,,,,,,,,,,,,,,,,
,Zandvliet Power,384.0,,BE,,,CCGT,NG,,,,,,,,,,,,,,,,,,,,,,,,,,,,,,,
,Schaerbeek Siomab ST2,15.0,,BE,,,IS,Other,,,,,,,,,,,,,,,,,,,,,,,,,,,,,,,
,SCHELLE WIND,4.5,,BE,,,,WI,,,,,,,,,,,,,,,,,,,,,,,,,,,,,,,
,TIHANGE 1S,481.0,,BE,,,NU,NU,,,,,,,,,,,,,,,,,,,,,,,,,,,,,,,
,TIHANGE 2,1008.0,,BE,,,NU,NU,,,,,,,,,,,,,,,,,,,,,,,,,,,,,,,
,TIHANGE 3,1045.8,,BE,,,NU,NU,,,,,,,,,,,,,,,,,,,,,,,,,,,,,,,
,Wilmarsdonk Total GT1,43.0,,BE,,,WKK,NG,,,,,,,,,,,,,,,,,,,,,,,,,,,,,,,
,ANGLEUR TG 41,64.0,,BE,,,GT,NG,,,,,,,,,,,,,,,,,,,,,,,,,,,,,,,
,COO II T,690.0,,BE,,,,WA,,,,,,,,,,,,,,,,,,,,,,,,,,,,,,,
,DOEL 1,433.0,,BE,,,NU,NU,,,,,,,,,,,,,,,,,,,,,,,,,,,,,,,
,DOEL 2,433.0,,BE,,,NU,NU,,,,,,,,,,,,,,,,,,,,,,,,,,,,,,,
,DOEL 3,1006.0,,BE,,,NU,NU,,,,,,,,,,,,,,,,,,,,,,,,,,,,,,,
,HERDERSBRUG STEG,465.0,,BE,,,CCGT,NG,,,,,,,,,,,,,,,,,,,,,,,,,,,,,,,
,ESCH-SUR-ALZETTE STEG,376.4,,BE,,,CCGT,NG,,,,,,,,,,,,,,,,,,,,,,,,,,,,,,,
,HEID-DE-GOREUX 2,4.0,,BE,,,HU,WA,,,,,,,,,,,,,,,,,,,,,,,,,,,,,,,
,BUDA TJ,18.6,,BE,,,TJ,LF,,,,,,,,,,,,,,,,,,,,,,,,,,,,,,,
,HERDERSBRUG WIND,3.0,,BE,,,WT,WI,,,,,,,,,,,,,,,,,,,,,,,,,,,,,,,
,Jemeppe-sur-Sambre GT1,43.0,,BE,,,WKK,NG,,,,,,,,,,,,,,,,,,,,,,,,,,,,,,,
,Jemeppe-sur-Sambre GT2,43.0,,BE,,,WKK,NG,,,,,,,,,,,,,,,,,,,,,,,,,,,,,,,
,ANGLEUR TGV3,60.0,,BE,,,CCGT,NG,,,,,,,,,,,,,,,,,,,,,,,,,,,,,,,
,Beveren Ineos Phenolchemie,22.8,,BE,,,WKK,NG,,,,,,,,,,,,,,,,,,,,,,,,,,,,,,,
,HAM31,58.0,,BE,,,GT,NG,,,,,,,,,,,,,,,,,,,,,,,,,,,,,,,
,HAM32,58.0,,BE,,,GT,NG,,,,,,,,,,,,,,,,,,,,,,,,,,,,,,,
,HU IVOZ-RAMET,10.0,,BE,,,,WA,,,,,,,,,,,,,,,,,,,,,,,,,,,,,,,
,Taminco (Gent) WKK,6.3,,BE,,,WKK,NG,,,,,,,,,,,,,,,,,,,,,,,,,,,,,,,
,Lanaken Sappi,43.0,,BE,,,WKK,NG,,,,,,,,,,,,,,,,,,,,,,,,,,,,,,,
,ANGLEUR TG 42,64.0,,BE,,,GT,NG,,,,,,,,,,,,,,,,,,,,,,,,,,,,,,,
,Zelzate 2 Knippegroen,315.0,,BE,,,CL,Other,,,,,,,,,,,,,,,,,,,,,,,,,,,,,,,
,Zelzate TJ,18.6,,BE,,,TJ,LF,,,,,,,,,,,,,,,,,,,,,,,,,,,,,,,
,Zwijndrecht Lanxess GT,43.0,,BE,,,WKK,NG,,,,,,,,,,,,,,,,,,,,,,,,,,,,,,,
,Windvision Estinnes WIND,80.0,,BE,,,,WI,,,,,,,,,,,,,,,,,,,,,,,,,,,,,,,
,Aspiravi Wuustwezel,22.1,,BE,,,,WI,,,,,,,,,,,,,,,,,,,,,,,,,,,,,,,
,Eurosilo,12.9,,BE,,,WKK,NG,,,,,,,,,,,,,,,,,,,,,,,,,,,,,,,
,Incinerateur THUMAIDE (IPALLE),32.0,,BE,,,IS,Other,,,,,,,,,,,,,,,,,,,,,,,,,,,,,,,
,Zeebrugge 2 Fluxys,40.0,,BE,,,WKK,NG,,,,,,,,,,,,,,,,,,,,,,,,,,,,,,,
,Northwind,216.0,,BE,,,,WI,,,,,,,,,,,,,,,,,,,,,,,,,,,,,,,
,Oud-Lillo Monsanto,43.0,,BE,,,WKK,NG,,,,,,,,,,,,,,,,,,,,,,,,,,,,,,,
,RODENHUIZE 4,268.0,,BE,,,CL,Other,,,,,,,,,,,,,,,,,,,,,,,,,,,,,,,
,RODENHUIZE WIND,4.5,,BE,,,WT,WI,,,,,,,,,,,,,,,,,,,,,,,,,,,,,,,
,Schaerbeek Siomab ST1,15.0,,BE,,,IS,Other,,,,,,,,,,,,,,,,,,,,,,,,,,,,,,,
,TIHANGE 1N,481.0,,BE,,,NU,NU,,,,,,,,,,,,,,,,,,,,,,,,,,,,,,,
,Turon TJ,18.6,,BE,,,TJ,LF,,,,,,,,,,,,,,,,,,,,,,,,,,,,,,,
,Wilmarsdonk Total GT2,43.0,,BE,,,WKK,NG,,,,,,,,,,,,,,,,,,,,,,,,,,,,,,,
