Unnamed: 0,Unit,PowerCapacity,Nunits,Zone,Zone_th,Zone_h2,Technology,Fuel,Efficiency,MinUpTime,MinDownTime,RampUpRate,RampDownRate,StartUpCost,NoLoadCost_pu,RampingCost,PartLoadMin,MinEfficiency,StartUpTime,CO2Intensity,CHPType,CHPPowerToHeat,CHPPowerLossFactor,CHPMaxHeat,COP,Tnominal,coef_COP_a,coef_COP_b,STOCapacity,STOSelfDischarge,STOMaxChargingPower,STOChargingEfficiency,WaterWithdrawal,WaterConsumption,Company,Clustered
,Werkskraftwerk Sappi Alfeld,13.0,1.0,DE,,,STUR,Biomass and biogas,0.38,,,,,,,,,,,,yes,,,,,,,,,,,,,,Sappi Alfeld GmbH,no
,HKW Altenstadt,9.8,1.0,DE,,,STUR,Biomass and biogas,0.38,,,,,,,,,,,,no,,,,,,,,,,,,,,Heizkraftwerk Altenstadt GmbH & Co. KG,no
,Zellstoff Stendal GmbH,138.9,1.0,DE,,,STUR,Biomass and biogas,0.38,,,,,,,,,,,,yes,,,600,,,,,,,,,,,Zellstoff Stendal GmbH,no
,UTB,16.0,1.0,DE,,,STUR,Biomass and biogas,0.38,,,,,,,,,,,,yes,,,,,,,,,,,,,,Pfleiderer Baruth GmbH,no
,BHW Beeskow,18.3,1.0,DE,,,STUR,Biomass and biogas,0.38,,,,,,,,,,,,yes,,,,,,,,,,,,,,Sonae Arauco Beeskow GmbH,no
,BMKW Bergkamen,17.7,1.0,DE,,,STUR,Biomass and biogas,0.38,,,,,,,,,,,,yes,,,,,,,,,,,,,,Innogy SE,no
,HHKW Berlin-Neukölln,16.5,1.0,DE,,,STUR,Biomass and biogas,0.38,,,,,,,,,,,,yes,,,,,,,,,,,,,,innogy SE,no
,ENERTRAG Netz GmbH  (UW Bertikow),20.0,1.0,DE,,,STUR,Biomass and biogas,0.38,,,,,,,,,,,,no,,,,,,,,,,,,,,ENERTRAG Aktiengesellschaft,no
,Biomassekraftwerk Bischofferode,18.1,1.0,DE,,,STUR,Biomass and biogas,0.38,,,,,,,,,,,,no,,,,,,,,,,,,,,Stadtwerke Leipzig GmbH,no
,Egger Kraftwerk Brilon,18.0,1.0,DE,,,STUR,Biomass and biogas,0.38,,,,,,,,,,,,yes,,,,,,,,,,,,,,Egger Holzwerkstoffe Brilon GmbH & Co. KG,no
,Werkskraftwerk Sappi Ehingen,13.2,1.0,DE,,,STUR,Biomass and biogas,0.38,,,,,,,,,,,,yes,,,,,,,,,,,,,,Sappi Ehingen GmbH,no
,Werkskraftwerk Sappi Ehingen,8.0,1.0,DE,,,STUR,Biomass and biogas,0.38,,,,,,,,,,,,yes,,,,,,,,,,,,,,Sappi Ehingen GmbH,no
,Emden Biomasse,22.0,1.0,DE,,,STUR,Biomass and biogas,0.38,,,,,,,,,,,,yes,,,,,,,,,,,,,,Statkraft Markets GmbH,no
,Emden Gas,52.0,1.0,DE,,,GTUR,Biomass and biogas,,,,,,,,,,,,,no,,,,,,,,,,,,,,Statkraft Markets GmbH,no
,Biomasse-HKW,30.6,2.0,DE,,,STUR,Biomass and biogas,0.38,,,,,,,,,,,,yes,,,0.0,,,,,,,,,,,innogy SE,yes
,BMKW Flörsheim Wicker,12.6,1.0,DE,,,STUR,Biomass and biogas,0.38,,,,,,,,,,,,no,,,,,,,,,,,,,,MVV Energie AG,no
,BKF,12.4,1.0,DE,,,STUR,Biomass and biogas,0.38,,,,,,,,,,,,yes,,,,,,,,,,,,,,Mainova AG,no
,KWK Gütersloh,12.1,1.0,DE,,,STUR,Biomass and biogas,0.38,,,,,,,,,,,,yes,,,,,,,,,,,,,,Pfleiderer Gütersloh GmbH,no
,Biomasse-Verstromungs-Anlage,20.0,1.0,DE,,,STUR,Biomass and biogas,0.38,,,,,,,,,,,,yes,,,,,,,,,,,,,,Mark-E AG,no
,Müllverwertung Borsigstraße MVB,20.0,1.0,DE,,,STUR,Biomass and biogas,0.38,,,,,,,,,,,,yes,,,,,,,,,,,,,,Müllverwertung Borsigstraße GmbH,no
,Enertec Hameln,14.5,1.0,DE,,,STUR,Biomass and biogas,0.38,,,,,,,,,,,,no,,,,,,,,,,,,,,Enertec Hameln GmbH,no
,Stora Enso Maxau,78.0,1.0,DE,,,STUR,Biomass and biogas,0.38,,,,,,,,,,,,yes,,,,,,,,,,,,,,Stora Enso Maxau GmbH,no
,BMKW Königs Wusterhausen,17.1,1.0,DE,,,STUR,Biomass and biogas,0.38,,,,,,,,,,,,no,,,,,,,,,,,,,,MVV Energie AG,no
,BMHKW-BinderHolz,15.13,1.0,DE,,,STUR,Biomass and biogas,0.38,,,,,,,,,,,,yes,,,,,,,,,,,,,,BinderHolz Deutschland GmbH,no
,Landesbergen Biomasse,22.0,1.0,DE,,,STUR,Biomass and biogas,0.38,,,,,,,,,,,,no,,,,,,,,,,,,,,Statkraft Markets GmbH,no
,BMK Lünen ,20.0,1.0,DE,,,STUR,Biomass and biogas,0.38,,,,,,,,,,,,no,,,,,,,,,,,,,,STEAG New Energies GmbH,no
,Biomasseheizkraftwerk Piesteritz,18.1,1.0,DE,,,STUR,Biomass and biogas,0.38,,,,,,,,,,,,yes,,,,,,,,,,,,,,Stadtwerke Leipzig GmbH,no
,Biomasse-Heizkraftwerk Malchin,9.8,1.0,DE,,,STUR,Biomass and biogas,0.38,,,,,,,,,,,,yes,,,,,,,,,,,,,,envia THERM GmbH,no
,BMKW Mannheim,17.9,1.0,DE,,,STUR,Biomass and biogas,0.38,,,,,,,,,,,,no,,,,,,,,,,,,,,MVV Energie AG,no
,SCA Mannheim,40.0,1.0,DE,,,STUR,Biomass and biogas,0.38,,,,,,,,,,,,yes,,,,,,,,,,,,,,Essity Operations Mannheim GmbH,no
,KWK Neumarkt,15.6,1.0,DE,,,STUR,Biomass and biogas,0.38,,,,,,,,,,,,yes,,,,,,,,,,,,,,Pfleiderer Neumarkt GmbH,no
,Heizkraftwerk Pforzheim GmbH,12.3,1.0,DE,,,STUR,Biomass and biogas,0.38,,,,,,,,,,,,yes,,,,,,,,,,,,,,Heizkraftwerk Pforzheim GmbH,no
,BMHKW-RE Recklinghausen,15.0,1.0,DE,,,STUR,Biomass and biogas,0.38,,,,,,,,,,,,yes,,,,,,,,,,,,,,Ökotech Ingenieurgesellschaft mbh,no
,Heizkraftwerk der Sappi Stockstadt GmbH,13.9934,1.0,DE,,,STUR,Biomass and biogas,0.38,,,,,,,,,,,,yes,,,,,,,,,,,,,,Sappi Stockstadt GmbH,no
,Wi-Biebrich,6.7,1.0,DE,,,STUR,Biomass and biogas,0.38,,,,,,,,,,,,yes,,,,,,,,,,,,,,InfraServ GmbH & Co. Wiesbaden KG,no
,Zolling,18.3,1.0,DE,,,STUR,Biomass and biogas,0.38,,,,,,,,,,,,yes,,,,,,,,,,,,,,ENGIE Deutschland AG,no
,Kraftwerk Leipa Georg Leinfelder GmbH Werk Schwedt Nord,13.3,1.0,DE,,,STUR,Biomass and biogas,0.38,,,,,,,,,,,,yes,,,,,,,,,,,,,,LEIPA Georg Leinfelder GmbH,no
,PKV Kraftwerk,1.92,1.0,DE,,,ICEN,Biomass and biogas,0.4504,,,,,,,,,,,,yes,,,,,,,,,,,,,,Papier- u. Kartonfabrik Varel GmbH & Co. KG,no
,Blockheizkraftwerk 1,1.1,1.0,DE,,,STUR,Biomass and biogas,0.38,,,,,,,,,,,,yes,,,,,,,,,,,,,,DS Smith Paper Deutschland GmbH,no
,Blockheizkraftwerk 2,0.8,1.0,DE,,,STUR,Biomass and biogas,0.38,,,,,,,,,,,,yes,,,,,,,,,,,,,,DS Smith Paper Deutschland GmbH,no
,Energieanlage 3,18.6,1.0,DE,,,STUR,Biomass and biogas,0.38,,,,,,,,,,,,yes,,,,,,,,,,,,,,SWISS KRONO GmbH,no
,BioHKW I,8.7,1.0,DE,,,STUR,Biomass and biogas,0.38,,,,,,,,,,,,yes,,,,,,,,,,,,,,Fernwärme Ulm GmbH,no
,BioHKW II,4.5,1.0,DE,,,STUR,Biomass and biogas,0.38,,,,,,,,,,,,yes,,,,,,,,,,,,,,Fernwärme Ulm GmbH,no
,Bio HKW Herbrechtingen,14.0,1.0,DE,,,STUR,Biomass and biogas,0.38,,,,,,,,,,,,yes,,,,,,,,,,,,,,Biomasse-Heizkraftwerk-Herbrechtingen GmbH,no
,BioEnergie Park Klarsee,17.8,1.0,DE,,,STUR,Biomass and biogas,0.38,,,,,,,,,,,,yes,,,,,,,,,,,,,,Geno Bioenergie Leasingfonds Erste GmbH & Co. KG,no
,Papierfabrik Albbruck,28.0,1.0,DE,,,STUR,Hard coal,0.4475,,,,,,,,,,,,yes,,,,,,,,,,,,,,Papierfabrik Albbruck GmbH,no
,Heizkraftwerk Altbach/Deizisau,336.0,1.0,DE,,,STUR,Hard coal,0.44,,,,,,,,,,,,yes,,,280,,,,,,,,,,,EnBW Energie Baden-Württemberg AG,no
,Heizkraftwerk Altbach/Deizisau,433.0,1.0,DE,,,STUR,Hard coal,0.455,,,,,,,,,,,,yes,,,280,,,,,,,,,,,EnBW Energie Baden-Württemberg AG,no
,Bergkamen,1443.0,2.0,DE,,,STUR,Hard coal,0.38,,,,,,,,,,,,no,,,20.0,,,,,,,,,,,STEAG GmbH,yes
,Reuter,124.0,1.0,DE,,,STUR,Hard coal,0.3475,,,,,,,,,,,,yes,,,,,,,,,,,,,,Vattenfall Wärme Berlin AG,no
,Moabit,89.0,1.0,DE,,,STUR,Hard coal,0.4,,,,,,,,,,,,yes,,,136,,,,,,,,,,,Vattenfall Wärme Berlin AG,no
,Reuter West,564.0,2.0,DE,,,STUR,Hard coal,0.39375,,,,,,,,,,,,yes,,,726,,,,,,,,,,,Vattenfall Wärme Berlin AG,yes
,HKW-Mitte,43.3,1.0,DE,,,COMC,Hard coal,0.468,,,,,,,,,,,,yes,,,121.63736343772757,,,,,,,,,,,Braunschweiger Versorgungs-AG & Co. KG,no
,KW Hastedt,119.0,1.0,DE,,,STUR,Hard coal,0.3975,,,,,,,,,,,,yes,,,150,,,,,,,,,,,swb Erzeugung AG & Co. KG,no
,KW Hafen,127.0,1.0,DE,,,STUR,Hard coal,0.345,,,,,,,,,,,,yes,,,,,,,,,,,,,,swb Erzeugung GmbH & Co. KG,no
,KW Hafen,303.0,1.0,DE,,,STUR,Hard coal,0.3725,,,,,,,,,,,,yes,,,39,,,,,,,,,,,swb Erzeugung AG & Co. KG,no
,Farge,350.0,1.0,DE,,,STUR,Hard coal,0.4425,,,,,,,,,,,,no,,,26,,,,,,,,,,,ENGIE Deutschland AG,no
,Datteln,303.0,3.0,DE,,,STUR,Hard coal,0.3391666666666666,,,,,,,,,,,,yes,,,0.0,,,,,,,,,,,Uniper Kraftwerke GmbH ,yes
,Knepper,345.0,1.0,DE,,,STUR,Hard coal,0.3525,,,,,,,,,,,,yes,,,,,,,,,,,,,,Uniper Kraftwerke GmbH ,no
,HKW I,95.0,1.0,DE,,,STUR,Hard coal,0.3875,,,,,,,,,,,,yes,,,,,,,,,,,,,,Stadtwerke Duisburg AG,no
,HKW II/B,133.0,1.0,DE,,,STUR,Hard coal,0.3375,,,,,,,,,,,,yes,,,,,,,,,,,,,,Stadtwerke Duisburg AG,no
,KW Walsum,1224.0,3.0,DE,,,STUR,Hard coal,0.3916666666666666,,,,,,,,,,,,no,,,295.0,,,,,,,,,,,Steag GmbH,yes
,Kraftwerk Ensdorf,389.0,2.0,DE,,,STUR,Hard coal,0.3925,,,,,,,,,,,,no,,,0.0,,,,,,,,,,,Gemeinschaft nach Bruchteilen der Saarstahl AG (SAG) und Saarschmiede GmbH Freiformschmiede (SSF),yes
,HKW Erlangen,17.4,1.0,DE,,,STUR,Hard coal,0.38,,,,,,,,,,,,yes,,,,,,,,,,,,,,Erlanger Stadtwerke AG,no
,Heizkraftwerk FL,31.0,1.0,DE,,,COMC,Hard coal,0.504,,,,,,,,,,,,yes,,,44.00487804878049,,,,,,,,,,,Stadtwerke Flensburg GmbH,no
,Heizkraftwerk FL,33.0,1.0,DE,,,COMC,Hard coal,0.4905,,,,,,,,,,,,yes,,,46.84390243902439,,,,,,,,,,,Stadtwerke Flensburg GmbH,no
,Heizkraftwerk FL,33.0,1.0,DE,,,COMC,Hard coal,0.4725,,,,,,,,,,,,yes,,,46.84390243902439,,,,,,,,,,,Stadtwerke Flensburg GmbH,no
,Heizkraftwerk FL,35.0,1.0,DE,,,STUR,Hard coal,0.38,,,,,,,,,,,,yes,,,,,,,,,,,,,,Stadtwerke Flensburg GmbH,no
,Heizkraftwerk FL,23.0,1.0,DE,,,STUR,Hard coal,0.37,,,,,,,,,,,,yes,,,,,,,,,,,,,,Stadtwerke Flensburg GmbH,no
,HKW West,61.5,1.0,DE,,,STUR,Hard coal,0.395,,,,,,,,,,,,yes,,,105.0,,,,,,,,,,,Mainova AG,no
,HKW West,61.5,1.0,DE,,,STUR,Hard coal,0.3975,,,,,,,,,,,,yes,,,105.0,,,,,,,,,,,Mainova AG,no
,Scholven,2056.0,5.0,DE,,,STUR,Hard coal,0.3535,,,,,,,,,,,,yes,,,0.0,,,,,,,,,,,Uniper Kraftwerke GmbH ,yes
,FWK Buer,70.0,1.0,DE,,,STUR,Hard coal,0.3875,,,,,,,,,,,,yes,,,,,,,,,,,,,,Uniper Kraftwerke GmbH ,no
,Staudinger,249.0,1.0,DE,,,STUR,Hard coal,0.3375,,,,,,,,,,,,yes,,,,,,,,,,,,,,Uniper Kraftwerke GmbH ,no
,Staudinger,293.0,1.0,DE,,,STUR,Hard coal,0.35,,,,,,,,,,,,no,,,,,,,,,,,,,,Uniper Kraftwerke GmbH ,no
,Staudinger,510.0,1.0,DE,,,STUR,Hard coal,0.405,,,,,,,,,,,,yes,,,300,,,,,,,,,,,Uniper Kraftwerke GmbH ,no
,Tiefstack,194.0,1.0,DE,,,STUR,Hard coal,0.4075,,,,,,,,,,,,yes,,,785,,,,,,,,,,,Wärme Hamburg GmbH,no
,Wedel,123.0,1.0,DE,,,STUR,Hard coal,0.4075,,,,,,,,,,,,yes,,,,,,,,,,,,,,Wärme Hamburg GmbH,no
,Wedel,137.0,1.0,DE,,,STUR,Hard coal,0.4075,,,,,,,,,,,,yes,,,423,,,,,,,,,,,Wärme Hamburg GmbH,no
,Westfalen,2116.7,5.0,DE,,,STUR,Hard coal,0.3865,,,,,,,,,,,,no,,,0.0,,,,,,,,,,,RWE Generation SE,yes
,GKH,272.0,2.0,DE,,,STUR,Hard coal,0.3975,,,,,,,,,,,,yes,,,425.0,,,,,,,,,,,enercity AG,yes
,Heizkraftwerk Heilbronn,1028.0,3.0,DE,,,STUR,Hard coal,0.4491666666666667,,,,,,,,,,,,no,,,606,,,,,,,,,,,EnBW Energie Baden-Württemberg AG,yes
,KW Herne,862.0,3.0,DE,,,STUR,Hard coal,0.3766666666666667,,,,,,,,,,,,no,,,550.0,,,,,,,,,,,Steag GmbH,yes
,Shamrock,132.0,1.0,DE,,,STUR,Hard coal,0.3175,,,,,,,,,,,,yes,,,,,,,,,,,,,,Uniper Kraftwerke GmbH ,no
,KWM,690.0,1.0,DE,,,STUR,Hard coal,0.4325,,,,,,,,,,,,no,,,n.b.,,,,,,,,,,,Kraftwerk Mehrum GmbH,no
,Ibbenbüren,794.0,1.0,DE,,,STUR,Hard coal,0.4475,,,,,,,,,,,,yes,,,20,,,,,,,,,,,RWE Generation SE,no
,Heizkraftwerk,66.0,1.0,DE,,,STUR,Hard coal,0.3975,,,,,,,,,,,,yes,,,,,,,,,,,,,,Infraserv GmbH & Co. Höchst KG,no
,HKW Karcherstr.,13.4,1.0,DE,,,STUR,Hard coal,0.415,,,,,,,,,,,,yes,,,,,,,,,,,,,,"SWK Stadtwerke Kaiserslautern, Versorgungs-AG",no
,Rheinhafen-Dampfkraftwerk,517.0,1.0,DE,,,STUR,Hard coal,0.4375,,,,,,,,,,,,yes,,,220,,,,,,,,,,,EnBW Energie Baden-Württemberg AG,no
,Rheinhafen-Dampfkraftwerk,834.0,1.0,DE,,,STUR,Hard coal,0.46,,,,,,,,,,,,yes,,,220,,,,,,,,,,,EnBW Energie Baden-Württemberg AG,no
,Gemeinschaftskraftwerk Kiel,323.0,1.0,DE,,,STUR,Hard coal,0.35,,,,,,,,,,,,yes,,,,,,,,,,,,,,Gemeinschaftskraftwerk Kiel GmbH,no
,Kraftwerk L 57,26.0,1.0,DE,,,STUR,Hard coal,0.3175,,,,,,,,,,,,yes,,,,,,,,,,,,,,Currenta GmbH & Co. OHG,no
,Kraftwerk N 230,110.0,1.0,DE,,,STUR,Hard coal,0.3525,,,,,,,,,,,,yes,,,460,,,,,,,,,,,Currenta GmbH & Co. OHG,no
,G-Kraftwerk,103.0,1.0,DE,,,STUR,Hard coal,0.33,,,,,,,,,,,,yes,,,572.1328125,,,,,,,,,,,Currenta GmbH & Co. OHG,no
,KW Lünen,473.0,2.0,DE,,,STUR,Hard coal,0.3399999999999999,,,,,,,,,,,,no,,,0.0,,,,,,,,,,,Steag GmbH,yes
,GKM ,2363.0,6.0,DE,,,STUR,Hard coal,0.39625,,,,,,,,,,,,yes,,,1500.0,,,,,,,,,,,Grosskraftwerk Mannheim AG,yes
,Kraftwerk I  ,55.56,1.0,DE,,,COMC,Hard coal,0.4095,,,,,,,,,,,,yes,,,155.91202945990182,,,,,,,,,,,Evonik Degussa GmbH,no
,Kraftwerk II,60.4,1.0,DE,,,STUR,Hard coal,0.34,,,,,,,,,,,,yes,,,,,,,,,,,,,,Evonik Degussa GmbH,no
,Kraftwerk I ,68.4,1.0,DE,,,COMC,Hard coal,0.4635,,,,,,,,,,,,yes,,,191.94353518821606,,,,,,,,,,,Evonik Degussa GmbH,no
,Kraftwerk I,169.32,1.0,DE,,,COMC,Hard coal,0.27,,,,,,,,,,,,yes,,,475.1444353518822,,,,,,,,,,,Evonik Degussa GmbH,no
,Heizkraftwerk Offenbach,54.0,1.0,DE,,,STUR,Hard coal,0.4,,,,,,,,,,,,yes,,,,,,,,,,,,,,Energieversorgung Offenbach AG,no
,Heyden,875.0,1.0,DE,,,STUR,Hard coal,0.3925,,,,,,,,,,,,no,,,,,,,,,,,,,,Uniper Kraftwerke GmbH ,no
,Heizkraftwerk Pforzheim GmbH,26.9,1.0,DE,,,STUR,Hard coal,0.4,,,,,,,,,,,,yes,,,,,,,,,,,,,,Heizkraftwerk Pforzheim GmbH,no
,Kraftwerk Veltheim,93.0,1.0,DE,,,STUR,Hard coal,0.3375,,,,,,,,,,,,no,,,,,,,,,,,,,,Gemeinschaftskraftwerk Veltheim GmbH,no
,Kraftwerk Veltheim,303.0,1.0,DE,,,STUR,Hard coal,0.35,,,,,,,,,,,,no,,,,,,,,,,,,,,Uniper Kraftwerke GmbH ,no
,Weiher,655.6,1.0,DE,,,STUR,Hard coal,0.365,,,,,,,,,,,,yes,,,30,,,,,,,,,,,Steag GmbH,no
,KNG Kraftwerk Rostock,514.0,1.0,DE,,,STUR,Hard coal,0.41,,,,,,,,,,,,yes,,,150,,,,,,,,,,,EnBW Energie Baden-Württemberg AG,no
,HKW Römerbrücke,50.0,1.0,DE,,,STUR,Hard coal,0.4375,,,,,,,,,,,,yes,,,94.0,,,,,,,,,,,Energie SaarLorLux AG,no
,Heizkraftwerk der Sappi Stockstadt GmbH,24.79,1.0,DE,,,STUR,Hard coal,0.35,,,,,,,,,,,,yes,,,,,,,,,,,,,,Sappi Stockstadt GmbH,no
,Heizkraftwerk Stuttgart-Gaisburg,22.6,1.0,DE,,,STUR,Hard coal,0.4475,,,,,,,,,,,,yes,,,,,,,,,,,,,,EnBW Energie Baden-Württemberg AG,no
,Restmüll-Heizkraftwerk Stuttgart-Münster,45.0,1.0,DE,,,STUR,Hard coal,0.38,,,,,,,,,,,,yes,,,183.6986301369863,,,,,,,,,,,EnBW Energie Baden-Württemberg AG,no
,Restmüll-Heizkraftwerk Stuttgart-Münster,45.0,1.0,DE,,,STUR,Hard coal,0.385,,,,,,,,,,,,yes,,,183.6986301369863,,,,,,,,,,,EnBW Energie Baden-Württemberg AG,no
,Nord 2,332.7,1.0,DE,,,STUR,Hard coal,0.4025,,,,,,,,,,,,yes,,,550,,,,,,,,,,,SWM Services GmbH,no
,KW West,640.0,2.0,DE,,,STUR,Hard coal,0.3525,,,,,,,,,,,,no,,,0.0,,,,,,,,,,,Steag GmbH,yes
,KW Voerde,1390.0,2.0,DE,,,STUR,Hard coal,0.38375,,,,,,,,,,,,no,,,0.0,,,,,,,,,,,RWE Generation SE,yes
,Modellkraftwerk,179.0,1.0,DE,,,STUR,Hard coal,0.38,,,,,,,,,,,,yes,,,210,,,,,,,,,,,Steag GmbH,no
,Heizkraftwerk,211.0,1.0,DE,,,STUR,Hard coal,0.3975,,,,,,,,,,,,yes,,,185,,,,,,,,,,,Steag GmbH,no
,Kraftwerk Walheim,96.0,1.0,DE,,,STUR,Hard coal,0.4525,,,,,,,,,,,,no,,,,,,,,,,,,,,EnBW Energie Baden-Württemberg AG,no
,Kraftwerk Walheim,148.0,1.0,DE,,,STUR,Hard coal,0.4525,,,,,,,,,,,,no,,,,,,,,,,,,,,EnBW Energie Baden-Württemberg AG,no
,Kraftwerk Werdohl-Elverlingsen,186.0,1.0,DE,,,STUR,Hard coal,0.3525,,,,,,,,,,,,,,,,,,,,,,,,,,Mark-E AG,no
,Kraftwerk Werdohl-Elverlingsen,310.0,1.0,DE,,,STUR,Hard coal,0.38,,,,,,,,,,,,no,,,,,,,,,,,,,,Mark-E AG,no
,Gersteinwerk,614.0,1.0,DE,,,STUR,Hard coal,0.385,,,,,,,,,,,,no,,,,,,,,,,,,,,RWE Generation SE,no
,Wilhelmshaven,757.0,1.0,DE,,,STUR,Hard coal,0.365,,,,,,,,,,,,no,,,,,,,,,,,,,,Uniper Kraftwerke GmbH ,no
,HKW Nord,123.0,2.0,DE,,,STUR,Hard coal,0.425,,,,,,,,,,,,yes,,,0.0,,,,,,,,,,,Volkswagen AG,yes
,HKW West,138.5,1.0,DE,,,STUR,Hard coal,0.3875,,,,,,,,,,,,yes,,,,,,,,,,,,,,Volkswagen AG,no
,HKW West,138.5,1.0,DE,,,STUR,Hard coal,0.3875,,,,,,,,,,,,yes,,,,,,,,,,,,,,Volkswagen AG,no
,HKW Elberfeld ,85.0,1.0,DE,,,STUR,Hard coal,0.405,,,,,,,,,,,,yes,,,,,,,,,,,,,,WSW Energie & Wasser AG,no
,Zolling,472.0,1.0,DE,,,STUR,Hard coal,0.4525,,,,,,,,,,,,yes,,,150,,,,,,,,,,,ENGIE Deutschland AG,no
,Reno De Medici,19.0,1.0,DE,,,STUR,Hard coal,0.2325,,,,,,,,,,,,yes,,,,,,,,,,,,,,R.D.M. Arnsberg GmbH,no
,Heizkraftwerk Magirusstraße,20.7,1.0,DE,,,STUR,Hard coal,0.405,,,,,,,,,,,,yes,,,,,,,,,,,,,,Fernwärme Ulm GmbH,no
,Werk Uelzen,40.0,1.0,DE,,,STUR,Hard coal,0.3375,,,,,,,,,,,,yes,,,,,,,,,,,,,,Nordzucker AG,no
,Trianel Kohlekraftwerk Lünen,735.0,1.0,DE,,,STUR,Hard coal,0.4575,,,,,,,,,,,,yes,,,35,,,,,,,,,,,Trianel Kohlekraftwerk Lünen GmbH & Co. KG,no
,Moorburg B,1600.0,2.0,DE,,,STUR,Hard coal,0.4625,,,,,,,,,,,,yes,,,240,,,,,,,,,,,Vattenfall Heizkraftwerk Moorburg GmbH,yes
,Kraftwerk Wilhelmshaven,731.0,1.0,DE,,,STUR,Hard coal,0.4625,,,,,,,,,,,,no,,,,,,,,,,,,,,ENGIE Deutschland AG,no
,RADAG,103.5,2.0,DE,,,HROR,Hydro,0.8,,,,,,,,,,,,no,,,0.0,,,,,,,,,,,Rheinkraftwerk Albbruck-Dogern AG,yes
,Werkskraftwerk Sappi Alfeld,0.1,1.0,DE,,,HROR,Hydro,0.8,,,,,,,,,,,,no,,,,,,,,,,,,,,Sappi Alfeld GmbH,no
,Egglfing,516.9,7.0,DE,,,HROR,Hydro,0.7999999999999999,,,,,,,,,,,,no,,,0.0,,,,,,,,,,,Innwerk AG,yes
,Rheinkraftwerk Säckingen,36.8,1.0,DE,,,HROR,Hydro,0.8,,,,,,,,,,,,no,,,,,,,,,,,,,,EnBW Energie Baden-Württemberg AG,no
,Säckingen,1740.0,5.0,DE,,,HPHS,Hydro,0.75,,,,,,,,,,,,no,,,0.0,,,,,,,,,,,Schluchseewerk Aktiengesellschaft,yes
,Bergheim,23.7,1.0,DE,,,HROR,Hydro,0.8,,,,,,,,,,,,no,,,,,,,,,,,,,,Donau-Wasserkraft AG,no
,Alzwerke,45.0,1.0,DE,,,HROR,Hydro,0.8,,,,,,,,,,,,no,,,,,,,,,,,,,,Alzwerke GmbH,no
,Waldeck1/Bringhausen,145.0,1.0,DE,,,HPHS,Hydro,0.75,,,,,,,,,,,,no,,,,,,,,,,,,,,Uniper Kraftwerke GmbH ,no
,Waldeck 2,480.0,1.0,DE,,,HPHS,Hydro,0.75,,,,,,,,,,,,no,,,,,,,,,,,,,,Uniper Kraftwerke GmbH ,no
,Hemfurth,20.0,1.0,DE,,,HROR,Hydro,,,,,,,,,,,,,no,,,,,,,,,,,,,,Uniper Kraftwerke GmbH ,no
,Pumpspeicherwerk Rönkhausen,138.0,1.0,DE,,,HPHS,Hydro,0.75,,,,,,,,,,,,no,,,,,,,,,,,,,,Mark-E AG,no
,Rudolf-Fettweis-Werk     ,22.0,1.0,DE,,,HROR,Hydro,0.8,,,,,,,,,,,,no,,,,,,,,,,,,,,EnBW Energie Baden-Württemberg AG,no
,Rudolf-Fettweis-Werk     ,43.0,1.0,DE,,,HPHS,Hydro,0.75,,,,,,,,,,,,no,,,,,,,,,,,,,,EnBW Energie Baden-Württemberg AG,no
,Gars,301.4,9.0,DE,,,HROR,Hydro,0.8,,,,,,,,,,,,no,,,0.0,,,,,,,,,,,VERBUND-Innkraftwerke GmbH,yes
,Geesthacht,2793.2,29.0,DE,,,HPHS,Hydro,0.75,,,,,,,,,,,,no,,,0.0,,,,,,,,,,,Vattenfall Wasserkraft GmbH,yes
,PSW Langenprozelten,164.0,1.0,DE,,,HPHS,Hydro,0.75,,,,,,,,,,,,no,,,,,,,,,,,,,,Donau-Wasserkraft AG,no
,KW Wyhlen,84.6,2.0,DE,,,HROR,Hydro,0.8,,,,,,,,,,,,no,,,0.0,,,,,,,,,,,Energiedienst AG,yes
,Happurg,160.0,1.0,DE,,,HPHS,Hydro,0.75,,,,,,,,,,,,no,,,,,,,,,,,,,,Uniper Kraftwerke GmbH ,no
,Koepchenwerk,165.0,1.0,DE,,,HPHS,Hydro,0.75,,,,,,,,,,,,no,,,,,,,,,,,,,,RWE Power AG,no
,Rheinkraftwerk Iffezheim,148.0,1.0,DE,,,HROR,Hydro,0.8,,,,,,,,,,,,no,,,,,,,,,,,,,,Rheinkraftwerk Iffezheim GmbH,no
,Walchensee,124.0,1.0,DE,,,HDAM,Hydro,0.8,,,,,,,,,,,,no,,,,,,,,,,,,,,Uniper Kraftwerke GmbH ,no
,Erzhausen,220.0,1.0,DE,,,HPHS,Hydro,0.75,,,,,,,,,,,,no,,,,,,,,,,,,,,Statkraft Markets GmbH,no
,Pumpspeicherkraftwerk Glems,90.0,1.0,DE,,,HPHS,Hydro,0.75,,,,,,,,,,,,no,,,,,,,,,,,,,,EnBW Energie Baden-Württemberg AG,no
,Bittenbrunn,20.2,1.0,DE,,,HROR,Hydro,0.8,,,,,,,,,,,,no,,,,,,,,,,,,,,Donau-Wasserkraft AG,no
,Lehmen,20.0,1.0,DE,,,HROR,Hydro,0.8,,,,,,,,,,,,no,,,,,,,,,,,,,,innogy SE,no
,Kachlet,100.2,3.0,DE,,,HROR,Hydro,0.8000000000000002,,,,,,,,,,,,no,,,0.0,,,,,,,,,,,Rhein-Main-Donau GmbH,yes
,Rheinkraftwerk Reckingen,19.0,1.0,DE,,,HROR,Hydro,0.8,,,,,,,,,,,,no,,,,,,,,,,,,,,EnBW Energie Baden-Württemberg AG,no
,Roßhaupten,45.5,1.0,DE,,,HROR,Hydro,,,,,,,,,,,,,no,,,,,,,,,,,,,,Uniper Kraftwerke GmbH ,no
,Rheinkraftwerk Ryburg-Schwörstadt ,30.0,1.0,DE,,,HROR,Hydro,0.8,,,,,,,,,,,,no,,,,,,,,,,,,,,EnBW Energie Baden-Württemberg AG,no
,Detzem,24.0,1.0,DE,,,HROR,Hydro,0.8,,,,,,,,,,,,no,,,,,,,,,,,,,,innogy SE,no
,Kraftwerksgruppe Pfreimd,28.0,1.0,DE,,,HPHS,Hydro,0.75,,,,,,,,,,,,no,,,,,,,,,,,,,,ENGIE Deutschland AG,no
,Kraftwerksgruppe Pfreimd,3.3,1.0,DE,,,HROR,Hydro,0.8,,,,,,,,,,,,no,,,,,,,,,,,,,,ENGIE Deutschland AG,no
,Kraftwerksgruppe Pfreimd,1.8,1.0,DE,,,HROR,Hydro,0.8,,,,,,,,,,,,no,,,,,,,,,,,,,,ENGIE Deutschland AG,no
,Kraftwerksgruppe Pfreimd,99.0,1.0,DE,,,HPHS,Hydro,0.75,,,,,,,,,,,,no,,,,,,,,,,,,,,ENGIE Deutschland AG,no
,Leitzach 1,48.0,1.0,DE,,,HPHS,Hydro,0.75,,,,,,,,,,,,no,,,,,,,,,,,,,,Stadtwerke München GmbH,no
,Leitzach 2,44.0,1.0,DE,,,HPHS,Hydro,0.75,,,,,,,,,,,,no,,,,,,,,,,,,,,Stadtwerke München GmbH,no
,Vohburg,23.3,1.0,DE,,,HROR,Hydro,0.8,,,,,,,,,,,,no,,,,,,,,,,,,,,Donau-Wasserkraft AG,no
,Uppenborn 1,25.0,1.0,DE,,,HROR,Hydro,0.8,,,,,,,,,,,,no,,,,,,,,,,,,,,Stadtwerke München GmbH,no
,Wintrich,20.0,1.0,DE,,,HROR,Hydro,0.8,,,,,,,,,,,,no,,,,,,,,,,,,,,innogy SE,no
,Weserkraftwerk Bremen,9.9,1.0,DE,,,HROR,Hydro,0.8,,,,,,,,,,,,no,,,,,,,,,,,,,,Weserkraftwerk Bremen GmbH & Co. KG,no
,Bigge,15.0,1.0,DE,,,HROR,Hydro,,,,,,,,,,,,,no,,,,,,,,,,,,,,Bigge Energie GmbH & Co. KG,no
,Dessau,10.3,1.0,DE,,,HROR,Hydro,0.8,,,,,,,,,,,,no,,,,,,,,,,,,,,Uniper Kraftwerke GmbH ,no
,Dettingen,11.0,1.0,DE,,,HROR,Hydro,0.8,,,,,,,,,,,,no,,,,,,,,,,,,,,Kernkraftwerk Obrigheim GmbH,no
,Dingolfing,15.0,1.0,DE,,,HROR,Hydro,0.8,,,,,,,,,,,,no,,,,,,,,,,,,,,Uniper Kraftwerke GmbH ,no
,Eitting,26.0,1.0,DE,,,HROR,Hydro,0.8,,,,,,,,,,,,no,,,,,,,,,,,,,,Uniper Kraftwerke GmbH ,no
,Fankel,16.4,1.0,DE,,,HROR,Hydro,0.8,,,,,,,,,,,,no,,,,,,,,,,,,,,innogy SE,no
,Ellgau,53.8,5.0,DE,,,HROR,Hydro,0.8,,,,,,,,,,,,no,,,0.0,,,,,,,,,,,Bayerische Elektrizitätswerke GmbH,yes
,Enkirch,18.4,1.0,DE,,,HROR,Hydro,0.8,,,,,,,,,,,,no,,,,,,,,,,,,,,innogy SE,no
,Altheim,17.8,1.0,DE,,,HROR,Hydro,0.8,,,,,,,,,,,,no,,,,,,,,,,,,,,Uniper Kraftwerke GmbH ,no
,Serrig,12.1,1.0,DE,,,HROR,Hydro,0.8,,,,,,,,,,,,no,,,,,,,,,,,,,,innogy SE,no
,Schwammenauel,14.0,1.0,DE,,,HROR,Hydro,0.8,,,,,,,,,,,,no,,,,,,,,,,,,,,innogy SE,no
,Heimbach,16.0,1.0,DE,,,HROR,Hydro,0.8,,,,,,,,,,,,no,,,,,,,,,,,,,,innogy SE,no
,Ingolstadt,19.8,1.0,DE,,,HROR,Hydro,0.8,,,,,,,,,,,,no,,,,,,,,,,,,,,Donau-Wasserkraft AG,no
,Kaufering,16.7,1.0,DE,,,HROR,Hydro,0.8,,,,,,,,,,,,no,,,,,,,,,,,,,,Uniper Kraftwerke GmbH ,no
,Unteropfingen,14.5,1.0,DE,,,HROR,Hydro,0.8,,,,,,,,,,,,no,,,,,,,,,,,,,,EnBW Energie Baden-Württemberg AG,no
,Koblenz,16.0,1.0,DE,,,HROR,Hydro,0.8,,,,,,,,,,,,no,,,,,,,,,,,,,,innogy SE,no
,Faimingen,10.1,1.0,DE,,,HROR,Hydro,0.8,,,,,,,,,,,,no,,,,,,,,,,,,,,Obere Donau Kraftwerke AG,no
,Urspring,10.1,1.0,DE,,,HROR,Hydro,0.8,,,,,,,,,,,,no,,,,,,,,,,,,,,Uniper Kraftwerke GmbH ,no
,Prem,19.2,1.0,DE,,,HROR,Hydro,0.8,,,,,,,,,,,,no,,,,,,,,,,,,,,Uniper Kraftwerke GmbH ,no
,Merching,12.0,1.0,DE,,,HROR,Hydro,0.8,,,,,,,,,,,,no,,,,,,,,,,,,,,Uniper Kraftwerke GmbH ,no
,Pfrombach,22.3,1.0,DE,,,HROR,Hydro,0.8,,,,,,,,,,,,no,,,,,,,,,,,,,,Uniper Kraftwerke GmbH ,no
,Müden,16.4,1.0,DE,,,HROR,Hydro,0.8,,,,,,,,,,,,no,,,,,,,,,,,,,,innogy SE,no
,Neef,16.4,1.0,DE,,,HROR,Hydro,0.8,,,,,,,,,,,,no,,,,,,,,,,,,,,innogy SE,no
,Niederaichbach,16.2,1.0,DE,,,HROR,Hydro,0.8,,,,,,,,,,,,no,,,,,,,,,,,,,,Uniper Kraftwerke GmbH ,no
,Gummering,14.8,1.0,DE,,,HROR,Hydro,0.8,,,,,,,,,,,,no,,,,,,,,,,,,,,Uniper Kraftwerke GmbH ,no
,Aufkirchen,27.0,1.0,DE,,,HROR,Hydro,0.8,,,,,,,,,,,,no,,,,,,,,,,,,,,Uniper Kraftwerke GmbH ,no
,Landau,12.6,1.0,DE,,,HROR,Hydro,0.8,,,,,,,,,,,,no,,,,,,,,,,,,,,Uniper Kraftwerke GmbH ,no
,Pielweichs,12.6,1.0,DE,,,HROR,Hydro,0.8,,,,,,,,,,,,no,,,,,,,,,,,,,,Uniper Kraftwerke GmbH ,no
,Prittriching,12.1,1.0,DE,,,HROR,Hydro,0.8,,,,,,,,,,,,no,,,,,,,,,,,,,,Uniper Kraftwerke GmbH ,no
,Bertoldsheim,18.9,1.0,DE,,,HROR,Hydro,0.8,,,,,,,,,,,,no,,,,,,,,,,,,,,Donau-Wasserkraft AG,no
,Schwabstadl,12.0,1.0,DE,,,HROR,Hydro,0.8,,,,,,,,,,,,no,,,,,,,,,,,,,,Uniper Kraftwerke GmbH ,no
,Scheuring,12.2,1.0,DE,,,HROR,Hydro,0.8,,,,,,,,,,,,no,,,,,,,,,,,,,,Uniper Kraftwerke GmbH ,no
,Unterbergen,12.3,1.0,DE,,,HROR,Hydro,0.8,,,,,,,,,,,,no,,,,,,,,,,,,,,Uniper Kraftwerke GmbH ,no
,UPM Schongau,10.5,1.0,DE,,,HROR,Hydro,0.8,,,,,,,,,,,,no,,,,,,,,,,,,,,UPM GmbH,no
,Dornau,16.6,1.0,DE,,,HROR,Hydro,0.8,,,,,,,,,,,,no,,,,,,,,,,,,,,Uniper Kraftwerke GmbH ,no
,Mühltal,11.2,1.0,DE,,,HROR,Hydro,0.8,,,,,,,,,,,,no,,,,,,,,,,,,,,Uniper Kraftwerke GmbH ,no
,Tannheim,12.3,1.0,DE,,,HROR,Hydro,0.8,,,,,,,,,,,,no,,,,,,,,,,,,,,EnBW Energie Baden-Württemberg AG,no
,Uppenborn 2,18.0,1.0,DE,,,HROR,Hydro,0.8,,,,,,,,,,,,no,,,,,,,,,,,,,,Stadtwerke München GmbH,no
,Trier,18.8,1.0,DE,,,HROR,Hydro,0.8,,,,,,,,,,,,no,,,,,,,,,,,,,,innogy SE,no
,Obernach,12.8,1.0,DE,,,HROR,Hydro,0.8,,,,,,,,,,,,no,,,,,,,,,,,,,,Uniper Kraftwerke GmbH ,no
,Ettling,12.6,1.0,DE,,,HROR,Hydro,0.8,,,,,,,,,,,,no,,,,,,,,,,,,,,Uniper Kraftwerke GmbH ,no
,Zeltingen,13.6,1.0,DE,,,HROR,Hydro,0.8,,,,,,,,,,,,no,,,,,,,,,,,,,,innogy SE,no
,Kraftwerk 3,18.95,1.0,DE,,,HROR,Hydro,0.8,,,,,,,,,,,,no,,,,,,,,,,,,,,Alzkraftwerke Heider GmbH,no
,Lippendorf,875.0,1.0,DE,,,STUR,Lignite,0.4,,,,,,,,,,,,yes,,,230,,,,,,,,,,,Lausitz Energie Kraftwerke AG,no
,Braunkohlekraftwerk Lippendorf,875.0,1.0,DE,,,STUR,Lignite,0.3976,,,,,,,,,,,,yes,,,230,,,,,,,,,,,EnBW Energie Baden-Württemberg AG,no
,Boxberg,2427.0,4.0,DE,,,STUR,Lignite,0.3994,,,,,,,,,,,,yes,,,125.0,,,,,,,,,,,Lausitz Energie Kraftwerke AG,yes
,HKW Chemnitz  Nord II,56.8,1.0,DE,,,STUR,Lignite,0.3712,,,,,,,,,,,,yes,,,,,,,,,,,,,,eins - energie in sachsen GmbH & Co. KG,no
,HKW Chemnitz  Nord II,90.8,1.0,DE,,,STUR,Lignite,0.376,,,,,,,,,,,,yes,,,,,,,,,,,,,,eins - energie in sachsen GmbH & Co. KG,no
,HKW Cottbus,74.0,1.0,DE,,,STUR,Lignite,0.3976,,,,,,,,,,,,yes,,,,,,,,,,,,,,Stadtwerke Cottbus mbH,no
,Deuben,158.0,3.0,DE,,,STUR,Lignite,0.3184,,,,,,,,,,,,yes,,,0.0,,,,,,,,,,,Mitteldeutsche Braunkohlengesellschaft mbH,yes
,Frechen/Wachtberg,176.0,1.0,DE,,,STUR,Lignite,0.3712,,,,,,,,,,,,yes,,,251,,,,,,,,,,,RWE Power AG,no
,Frimmersdorf,2008.0,13.0,DE,,,STUR,Lignite,0.3163692307692308,,,,,,,,,,,,no,,,30.0,,,,,,,,,,,RWE Power AG,yes
,Buschhaus,352.0,1.0,DE,,,STUR,Lignite,0.364,,,,,,,,,,,,no,,,,,,,,,,,,,,Helmstedter Revier GmbH,no
,Goldenberg,85.0,3.0,DE,,,STUR,Lignite,0.3824,,,,,,,,,,,,yes,,,0.0,,,,,,,,,,,RWE Power AG,yes
,Ville/Berrenrath,98.0,1.0,DE,,,STUR,Lignite,0.2008,,,,,,,,,,,,yes,,,,,,,,,,,,,,RWE Power AG,no
,FKK,33.5,1.0,DE,,,STUR,Lignite,0.3736,,,,,,,,,,,,yes,,,,,,,,,,,,,,Städtische Werke Energie + Wärme GmbH,no
,HKW Merkenich,75.3,1.0,DE,,,STUR,Lignite,0.424,,,,,,,,,,,,yes,,,139.3215859030837,,,,,,,,,,,RheinEnergie AG,no
,Neurath,2091.0,5.0,DE,,,STUR,Lignite,0.33664,,,,,,,,,,,,no,,,9.0,,,,,,,,,,,RWE Power AG,yes
,Niederaußem,3656.0,9.0,DE,,,STUR,Lignite,0.3517333333333333,,,,,,,,,,,,yes,,,245.0,,,,,,,,,,,RWE Power AG,yes
,Fortuna Nord,15.0,1.0,DE,,,STUR,Lignite,0.2536,,,,,,,,,,,,yes,,,,,,,,,,,,,,RWE Power AG,no
,KW Jänschwalde,2790.0,6.0,DE,,,STUR,Lignite,0.384,,,,,,,,,,,,yes,,,305.2,,,,,,,,,,,Lausitz Energie Kraftwerke AG,yes
,Schkopau,900.0,2.0,DE,,,STUR,Lignite,0.3904,,,,,,,,,,,,yes,,,200,,,,,,,,,,,Uniper Kraftwerke GmbH ,yes
,Schwarze Pumpe,1500.0,2.0,DE,,,STUR,Lignite,0.394,,,,,,,,,,,,yes,,,120,,,,,,,,,,,Lausitz Energie Kraftwerke AG,yes
,Weisweiler,123.0,1.0,DE,,,STUR,Lignite,0.292,,,,,,,,,,,,yes,,,,,,,,,,,,,,RWE Power AG,no
,Weisweiler,135.0,1.0,DE,,,STUR,Lignite,0.3016,,,,,,,,,,,,no,,,,,,,,,,,,,,RWE Power AG,no
,Weisweiler,321.0,1.0,DE,,,STUR,Lignite,0.316,,,,,,,,,,,,no,,,,,,,,,,,,,,RWE Power AG,no
,Weisweiler,321.0,1.0,DE,,,STUR,Lignite,0.3208,,,,,,,,,,,,no,,,,,,,,,,,,,,RWE Power AG,no
,Weisweiler,663.0,1.0,DE,,,STUR,Lignite,0.3376,,,,,,,,,,,,yes,,,91.5,,,,,,,,,,,RWE Power AG,no
,Weisweiler,656.0,1.0,DE,,,STUR,Lignite,0.34,,,,,,,,,,,,yes,,,91.5,,,,,,,,,,,RWE Power AG,no
,Kohlekraftwerk,19.5,1.0,DE,,,STUR,Lignite,0.424,,,,,,,,,,,,yes,,,,,,,,,,,,,,Smurfit Kappa Zülpich Papier GmbH,no
,P&L Werk Euskirchen,14.5,1.0,DE,,,STUR,Lignite,0.3496,,,,,,,,,,,,yes,,,,,,,,,,,,,,Pfeifer & Langen GmbH & Co. KG,no
,P&L Werk Jülich,23.22,1.0,DE,,,STUR,Lignite,0.4096,,,,,,,,,,,,yes,,,,,,,,,,,,,,Pfeifer & Langen GmbH & Co. KG,no
,P&L Werk Könnern,20.3,1.0,DE,,,STUR,Lignite,0.4336,,,,,,,,,,,,yes,,,,,,,,,,,,,,Pfeifer & Langen GmbH & Co. KG,no
,Kraftwerk,10.0,1.0,DE,,,STUR,Lignite,0.388,,,,,,,,,,,,yes,,,,,,,,,,,,,,Martinswerk GmbH,no
,Kraftwerk,10.0,1.0,DE,,,STUR,Lignite,0.388,,,,,,,,,,,,yes,,,,,,,,,,,,,,Martinswerk GmbH,no
,EZ1,23.3,1.0,DE,,,STUR,Lignite,0.3832,,,,,,,,,,,,yes,,,,,,,,,,,,,,"Südzucker AG, Werk Zeitz",no
,BoA 2,1060.0,1.0,DE,,,STUR,Lignite,0.4288,,,,,,,,,,,,no,,,,,,,,,,,,,,RWE Power AG,no
,BoA 3,1060.0,1.0,DE,,,STUR,Lignite,0.4288,,,,,,,,,,,,no,,,,,,,,,,,,,,RWE Power AG,no
,HKW Sachtleben,27.5,1.0,DE,,,STUR,Lignite,0.3136,,,,,,,,,,,,yes,,,,,,,,,,,,,,Venator Germany GmbH,no
,Grubenheizkraftwerk,45.0,1.0,DE,,,STUR,Lignite,0.3496,,,,,,,,,,,,yes,,,,,,,,,,,,,,ROMONTA GmbH,no
,Kessel 4,9.3,1.0,DE,,,STUR,Lignite,0.3592,,,,,,,,,,,,yes,,,,,,,,,,,,,,Papierfabrik Schoellershammer H. A. Schoeller Söhne GmbH & Co KG,no
,Ahrensfelde,150.0,4.0,DE,,,GTUR,Natural gas,0.354,,,,,,,,,,,,no,,,0.0,,,,,,,,,,,Lausitz Energie Kraftwerke AG,yes
,Werkskraftwerk Sappi Alfeld,11.0,1.0,DE,,,STUR,Natural gas,0.3267,,,,,,,,,,,,yes,,,,,,,,,,,,,,Sappi Alfeld GmbH,no
,Heizkraftwerk Altbach/Deizisau,65.0,1.0,DE,,,GTUR,Natural gas,0.3722,,,,,,,,,,,,yes,,,,,,,,,,,,,,EnBW Energie Baden-Württemberg AG,no
,Heizkraftwerk Altbach/Deizisau,50.0,1.0,DE,,,GTUR,Natural gas,0.3046,,,,,,,,,,,,no,,,,,,,,,,,,,,EnBW Energie Baden-Württemberg AG,no
,Heizkraftwerk Altbach/Deizisau,57.0,1.0,DE,,,GTUR,Natural gas,0.3098,,,,,,,,,,,,no,,,,,,,,,,,,,,EnBW Energie Baden-Württemberg AG,no
,Heizkraftwerk Altbach/Deizisau,81.0,1.0,DE,,,GTUR,Natural gas,0.315,,,,,,,,,,,,no,,,,,,,,,,,,,,EnBW Energie Baden-Württemberg AG,no
,Kesselhaus Zuckerfabrik,15.1,1.0,DE,,,STUR,Natural gas,0.3773,,,,,,,,,,,,yes,,,,,,,,,,,,,,Suiker Unie GmbH & Co. KG,no
,Gasturbine,82.6,2.0,DE,,,GTUR,Natural gas,0.38,,,,,,,,,,,,yes,,,0.0,,,,,,,,,,,Stadtwerke Augsburg Energie GmbH,yes
,KWK-Anlage Barby,17.8,1.0,DE,,,STUR,Natural gas,0.3784,,,,,,,,,,,,yes,,,,,,,,,,,,,,Cargill Deutschland GmbH,no
,HKW Kassel,12.2,1.0,DE,,,STUR,Natural gas,,,,,,,,,,,,,yes,,,,,,,,,,,,,,Volkswagen AG,no
,"GuD Baunatal, VW Werksgelände",78.0,1.0,DE,,,COMC,Natural gas,0.5895,,,,,,,,,,,,yes,,,,,,,,,,,,,,Volkswagen AG,no
,Mitte,444.0,1.0,DE,,,COMC,Natural gas,0.522,,,,,,,,,,,,yes,,,1210.0,,,,,,,,,,,Vattenfall Wärme Berlin AG,no
,Charlottenburg,144.0,1.0,DE,,,STUR,Natural gas,0.3575,,,,,,,,,,,,yes,,,,,,,,,,,,,,Vattenfall Wärme Berlin AG,no
,Lichterfelde,721.0,4.0,DE,,,STUR,Natural gas,0.3721666666666667,,,,,,,,,,,,yes,,,0.0,,,,,,,,,,,Vattenfall Wärme Berlin AG,yes
,Klingenberg,164.0,1.0,DE,,,STUR,Natural gas,0.4037,,,,,,,,,,,,yes,,,590,,,,,,,,,,,Vattenfall Wärme Berlin AG,no
,Industriekraftwerk Bernburg (IKB),140.5,1.0,DE,,,COMC,Natural gas,0.63,,,,,,,,,,,,yes,,,185.73219373219374,,,,,,,,,,,Solvay Chemicals GmbH,no
,HKW Schildescher Straße,64.0,2.0,DE,,,STUR,Natural gas,0.35365,,,,,,,,,,,,yes,,,0.0,,,,,,,,,,,Stadtwerke Bielefeld GmbH,yes
,Gasturbinenkraftwerk Bielefeld Ummeln,55.0,1.0,DE,,,GTUR,Natural gas,0.315,,,,,,,,,,,,no,,,,,,,,,,,,,,Uniper Kraftwerke GmbH ,no
,GuD Kraftwerk Hillegossen,37.5,1.0,DE,,,COMC,Natural gas,0.5625,,,,,,,,,,,,yes,,,,,,,,,,,,,,Stadtwerke Bielefeld GmbH,no
,GuD Bitterfeld,106.0,1.0,DE,,,COMC,Natural gas,0.54,,,,,,,,,,,,yes,,,110,,,,,,,,,,,envia THERM GmbH,no
,Bochum,20.7,1.0,DE,,,STUR,Natural gas,0.3894,,,,,,,,,,,,yes,,,,,,,,,,,,,,RWE Generation SE,no
,HKW Hiltrop,44.0,1.0,DE,,,STUR,Natural gas,0.3993,,,,,,,,,,,,yes,,,,,,,,,,,,,,Stadtwerke Bochum Holding GmbH,no
,Heizkraftwerk Karlstraße,95.0,1.0,DE,,,STUR,Natural gas,0.3993,,,,,,,,,,,,yes,,,,,,,,,,,,,,Energie- und Wasserversorgung Bonn/Rhein-Sieg GmbH,no
,Heizkraftwerk Süd,14.4,1.0,DE,,,STUR,Natural gas,,,,,,,,,,,,,yes,,,,,,,,,,,,,,Energie- und Wasserversorgung Bonn/Rhein-Sieg GmbH,no
,HKW,63.0,2.0,DE,,,STUR,Natural gas,0.3839,,,,,,,,,,,,yes,,,0.0,,,,,,,,,,,StWB Stadtwerke Brandenburg an der Havel GmbH & Co. KG,yes
,Kirchmöser,160.0,1.0,DE,,,COMC,Natural gas,0.513,,,,,,,,,,,,no,,,n.b.,,,,,,,,,,,Uniper Kraftwerke GmbH ,no
,HKW-Mitte,20.0,1.0,DE,,,COMC,Natural gas,0.4095,,,,,,,,,,,,yes,,,56.1835396941005,,,,,,,,,,,Braunschweiger Versorgungs-AG & Co. KG,no
,HKW-Mitte,74.0,1.0,DE,,,COMC,Natural gas,0.585,,,,,,,,,,,,yes,,,207.87909686817187,,,,,,,,,,,Braunschweiger Versorgungs-AG & Co. KG,no
,HKW-Nord,25.0,1.0,DE,,,GTUR,Natural gas,0.289,,,,,,,,,,,,yes,,,,,,,,,,,,,,Braunschweiger Versorgungs-AG & Co. KG,no
,KW Hastedt,155.0,1.0,DE,,,STUR,Natural gas,,,,,,,,,,,,,yes,,,,,,,,,,,,,,swb Erzeugung GmbH & Co. KG,no
,Egger Kraftwerk Brilon,13.5,1.0,DE,,,GTUR,Natural gas,0.3696,,,,,,,,,,,,yes,,,,,,,,,,,,,,Egger Holzwerkstoffe Brilon GmbH & Co. KG,no
,Burghausen 01 - GT,120.0,1.0,DE,,,COMC,Natural gas,0.5445,,,,,,,,,,,,yes,,,350,,,,,,,,,,,Wacker Chemie AG,no
,Burghausen 01 - DT,50.0,1.0,DE,,,STUR,Natural gas,0.3619,,,,,,,,,,,,yes,,,,,,,,,,,,,,Wacker Chemie AG,no
,Industriepark Werk Gendorf,73.1,1.0,DE,,,STUR,Natural gas,0.3872,,,,,,,,,,,,yes,,,,,,,,,,,,,,InfraServ GmbH & Co. Gendorf KG,no
,HKW Chemnitz  Nord II,57.2,1.0,DE,,,STUR,Natural gas,0.3696,,,,,,,,,,,,yes,,,,,,,,,,,,,,eins - energie in sachsen GmbH & Co. KG,no
,Kraftwerk Dessau,39.0,1.0,DE,,,STUR,Natural gas,0.3806,,,,,,,,,,,,yes,,,,,,,,,,,,,,Fernwärmeversorgungs-GmbH Dessau,no
,Dormagen,586.0,1.0,DE,,,COMC,Natural gas,0.54,,,,,,,,,,,,yes,,,480,,,,,,,,,,,RWE Generation SE,no
,Dortmund,26.0,1.0,DE,,,STUR,Natural gas,0.3894,,,,,,,,,,,,yes,,,,,,,,,,,,,,RWE Generation SE,no
,HKW Dresden-Nossener Brücke,260.0,1.0,DE,,,COMC,Natural gas,0.5175,,,,,,,,,,,,yes,,,455,,,,,,,,,,,DREWAG Stadtwerke Dresden GmbH,no
,HKW III/A,40.0,1.0,DE,,,STUR,Natural gas,0.3872,,,,,,,,,,,,yes,,,,,,,,,,,,,,Stadtwerke Duisburg AG,no
,HKW III/B,234.0,1.0,DE,,,COMC,Natural gas,0.5625,,,,,,,,,,,,yes,,,167,,,,,,,,,,,Stadtwerke Duisburg AG,no
,GuD,695.0,2.0,DE,,,COMC,Natural gas,0.5760000000000001,,,,,,,,,,,,yes,,,75.0,,,,,,,,,,,Stadtwerke Düsseldorf AG,yes
,GT,64.7,1.0,DE,,,GTUR,Natural gas,0.315,,,,,,,,,,,,no,,,,,,,,,,,,,,Stadtwerke Düsseldorf AG,no
,GT,66.7,1.0,DE,,,GTUR,Natural gas,0.3124,,,,,,,,,,,,no,,,,,,,,,,,,,,Stadtwerke Düsseldorf AG,no
,Gasblock,293.0,1.0,DE,,,STUR,Natural gas,0.3597,,,,,,,,,,,,yes,,,,,,,,,,,,,,Stadtwerke Düsseldorf AG,no
,Werkskraftwerk Sappi Ehingen,4.0,1.0,DE,,,STUR,Natural gas,0.3597,,,,,,,,,,,,yes,,,,,,,,,,,,,,Sappi Ehingen GmbH,no
,Kombikraftwerk,46.6,1.0,DE,,,STUR,Natural gas,0.3773,,,,,,,,,,,,yes,,,,,,,,,,,,,,Stora Enso Sachsen GmbH,no
,Huntorf,321.0,1.0,DE,,,GTUR,Natural gas,0.3956,,,,,,,,,,,,no,,,,,,,,,,,,,,Uniper Kraftwerke GmbH ,no
,HKW Eltmann,116.0,2.0,DE,,,STUR,Natural gas,0.3927,,,,,,,,,,,,yes,,,0.0,,,,,,,,,,,Palm Power GmbH & Co. KG,yes
,Emden Gas,433.0,1.0,DE,,,STUR,Natural gas,0.3553,,,,,,,,,,,,no,,,,,,,,,,,,,,Statkraft Markets GmbH,no
,HKW Iderhoffstraße,11.0,1.0,DE,,,STUR,Natural gas,0.3806,,,,,,,,,,,,yes,,,,,,,,,,,,,,SWE Energie GmbH,no
,HKW Erfurt-Ost,109.1,2.0,DE,,,COMC,Natural gas,0.56925,,,,,,,,,,,,yes,,,264.0,,,,,,,,,,,SWE Energie GmbH,yes
,HKW Erlangen,21.6,1.0,DE,,,COMC,Natural gas,0.5625,,,,,,,,,,,,yes,,,,,,,,,,,,,,Erlanger Stadtwerke AG,no
,HKW Erlangen,6.7,1.0,DE,,,COMC,Natural gas,0.603,,,,,,,,,,,,yes,,,,,,,,,,,,,,Erlanger Stadtwerke AG,no
,Heizkraftwerk FFO,48.0,1.0,DE,,,COMC,Natural gas,0.5265,,,,,,,,,,,,yes,,,,,,,,,,,,,,Stadtwerke Frankfurt (Oder) GmbH,no
,HKW Niederrad,126.0,2.0,DE,,,STUR,Natural gas,0.3894,,,,,,,,,,,,yes,,,0.0,,,,,,,,,,,Mainova AG,yes
,HKW West,99.0,1.0,DE,,,STUR,Natural gas,0.3784,,,,,,,,,,,,yes,,,,,,,,,,,,,,Mainova AG,no
,GuD Anlage WVK,38.6,1.0,DE,,,COMC,Natural gas,0.531,,,,,,,,,,,,yes,,,,,,,,,,,,,,Rhodia Acetow GmbH,no
,Heizkraftwerk Gera-Nord,74.0,1.0,DE,,,STUR,Natural gas,0.3806,,,,,,,,,,,,yes,,,,,,,,,,,,,,Energieversorgung Gera GmbH,no
,HKW Göttingen,18.8,1.0,DE,,,STUR,Natural gas,0.3828,,,,,,,,,,,,yes,,,,,,,,,,,,,,Georg-August-Universität Göttingen Stiftung Öffentlichen Rechts,no
,"HKW ""Helmshäger Berg""",14.7,1.0,DE,,,GTUR,Natural gas,0.3696,,,,,,,,,,,,yes,,,,,,,,,,,,,,Stadtwerke Greifswald GmbH,no
,Kraftwerk Grenzach-Wyhlen,30.0,1.0,DE,,,STUR,Natural gas,0.4037,,,,,,,,,,,,yes,,,,,,,,,,,,,,KGW - Kraftwerk Grenzach-Wyhlen GmbH,no
,Staudinger,572.0,1.0,DE,,,STUR,Natural gas,0.3597,,,,,,,,,,,,no,,,,,,,,,,,,,,Uniper Kraftwerke GmbH ,no
,Energiezentrum Mohn Media,25.0,1.0,DE,,,STUR,Natural gas,0.3784,,,,,,,,,,,,yes,,,,,,,,,,,,,,Mohn Media Mohndruck GmbH,no
,Heizkraftwerk Hagen-Kabel,230.0,1.0,DE,,,STUR,Natural gas,0.363,,,,,,,,,,,,no,,,,,,,,,,,,,,Mark-E AG,no
,HKW Halle Trotha,97.0,1.0,DE,,,STUR,Natural gas,0.3905,,,,,,,,,,,,yes,,,,,,,,,,,,,,EVH GmbH,no
,HKW Halle Trotha,56.1,1.0,DE,,,COMC,Natural gas,0.5985,,,,,,,,,,,,yes,,,,,,,,,,,,,,Heizkraftwerk Halle-Trotha GmbH,no
,GuD Tiefstack,127.0,1.0,DE,,,COMC,Natural gas,0.5805,,,,,,,,,,,,yes,,,170,,,,,,,,,,,Wärme Hamburg GmbH,no
,Heizkraftwerk,22.5,1.0,DE,,,STUR,Natural gas,0.3773,,,,,,,,,,,,yes,,,,,,,,,,,,,,ADM Hamburg Aktiengesellschaft,no
,Trianel Gaskraftwerk ,817.0,2.0,DE,,,COMC,Natural gas,0.576,,,,,,,,,,,,no,,,0.0,,,,,,,,,,,Trianel Gaskraftwerk Hamm GmbH & Co. KG ,yes
,GKL,230.0,1.0,DE,,,COMC,Natural gas,0.5985,,,,,,,,,,,,yes,,,185,,,,,,,,,,,enercity AG,no
,KWH,102.0,1.0,DE,,,STUR,Natural gas,0.3575,,,,,,,,,,,,yes,,,,,,,,,,,,,,enercity AG,no
,Cuno Heizkraftwerk Herdecke,417.0,1.0,DE,,,COMC,Natural gas,0.5715,,,,,,,,,,,,no,,,n.b.,,,,,,,,,,,Mark-E AG / Statkraft Markets,no
,Wintershall,69.0,1.0,DE,,,COMC,Natural gas,0.5805,,,,,,,,,,,,yes,,,299,,,,,,,,,,,K+S AG,no
,ADS-Anlage,96.5,1.0,DE,,,STUR,Natural gas,0.3982,,,,,,,,,,,,yes,,,,,,,,,,,,,,Infraserv GmbH & Co. Höchst KG,no
,Heizkraftwerk,86.0,1.0,DE,,,STUR,Natural gas,0.3883,,,,,,,,,,,,yes,,,,,,,,,,,,,,Infraserv GmbH & Co. Höchst KG,no
,HKW Jena,182.0,1.0,DE,,,COMC,Natural gas,0.522,,,,,,,,,,,,yes,,,225,,,,,,,,,,,TEAG Thüringer Energie AG,no
,HKW Karcherstr.,11.6,1.0,DE,,,STUR,Natural gas,0.3729,,,,,,,,,,,,yes,,,,,,,,,,,,,,"SWK Stadtwerke Kaiserslautern, Versorgungs-AG",no
,Rheinhafen-Dampfkraftwerk,353.0,1.0,DE,,,COMC,Natural gas,0.531,,,,,,,,,,,,no,,,n.b.,,,,,,,,,,,EnBW Energie Baden-Württemberg AG,no
,Heizkraftwerk West,37.0,1.0,DE,,,STUR,Natural gas,0.3674,,,,,,,,,,,,yes,,,,,,,,,,,,,,Stadtwerke Karlsruhe GmbH,no
,Kombi-HKW,48.31,1.0,DE,,,STUR,Natural gas,0.3718,,,,,,,,,,,,yes,,,,,,,,,,,,,,Städtische Werke Energie + Wärme GmbH,no
,HKW Humboldtstr.,209.5,2.0,DE,,,STUR,Natural gas,0.3982,,,,,,,,,,,,yes,,,0.0,,,,,,,,,,,Stadtwerke Kiel AG,yes
,KW Kirchlengern,125.0,1.0,DE,,,COMC,Natural gas,0.4545,,,,,,,,,,,,no,,,n.b.,,,,,,,,,,,Energieservice Westfalen Weser GmbH,no
,HKW Südstadt,35.0,1.0,DE,,,COMC,Natural gas,0.513,,,,,,,,,,,,yes,,,,,,,,,,,,,,RheinEnergie AG,no
,HKW Niehl 2,413.0,1.0,DE,,,COMC,Natural gas,0.576,,,,,,,,,,,,yes,,,370,,,,,,,,,,,RheinEnergie AG,no
,HKW Merkenich,108.0,1.0,DE,,,COMC,Natural gas,0.558,,,,,,,,,,,,yes,,,80,,,,,,,,,,,RheinEnergie AG,no
,Knapsack Gas I,800.0,1.0,DE,,,COMC,Natural gas,0.5715,,,,,,,,,,,,no,,,n.b.,,,,,,,,,,,Knapsack Power GmbH & Co. KG,no
,Knapsack Gas II,430.0,1.0,DE,,,COMC,Natural gas,0.5985,,,,,,,,,,,,no,,,n.b.,,,,,,,,,,,Statkraft Markets GmbH,no
,KWK-Anlage Krefeld DT,25.8,1.0,DE,,,STUR,Natural gas,0.3839,,,,,,,,,,,,yes,,,,,,,,,,,,,,Cargill Deutschland GmbH,no
,KWK-Anlage Krefeld VM,14.0,1.0,DE,,,ICEN,Natural gas,0.4406,,,,,,,,,,,,yes,,,,,,,,,,,,,,Cargill Deutschland GmbH,no
,Landesbergen Gas,56.0,1.0,DE,,,GTUR,Natural gas,0.3098,,,,,,,,,,,,no,,,,,,,,,,,,,,Statkraft Markets GmbH,no
,Landesbergen Gas,431.0,1.0,DE,,,STUR,Natural gas,0.3553,,,,,,,,,,,,no,,,,,,,,,,,,,,Statkraft Markets GmbH,no
,Heizkraftwerk Leipzig-Nord,167.0,1.0,DE,,,COMC,Natural gas,0.585,,,,,,,,,,,,yes,,,200,,,,,,,,,,,Stadtwerke Leipzig GmbH,no
,GuD Leuna,39.0,1.0,DE,,,COMC,Natural gas,0.531,,,,,,,,,,,,no,,,,,,,,,,,,,,InfraLeuna GmbH,no
,ILK-GuD,35.0,1.0,DE,,,COMC,Natural gas,0.513,,,,,,,,,,,,yes,,,,,,,,,,,,,,InfraLeuna GmbH,no
,ILK-GuD,35.0,1.0,DE,,,COMC,Natural gas,0.513,,,,,,,,,,,,yes,,,,,,,,,,,,,,TOTAL Raffinerie Mitteldeutschland GmbH,no
,ILK-GuD,37.0,1.0,DE,,,COMC,Natural gas,0.513,,,,,,,,,,,,yes,,,,,,,,,,,,,,InfraLeuna GmbH,no
,X-Kraftwerk,25.0,1.0,DE,,,STUR,Natural gas,0.3641,,,,,,,,,,,,yes,,,138.8671875,,,,,,,,,,,Currenta GmbH & Co. OHG,no
,Emsland,1837.0,5.0,DE,,,COMC,Natural gas,0.4535999999999999,,,,,,,,,,,,yes,,,124.0,,,,,,,,,,,RWE Generation SE,yes
,KW Mitte,47.0,1.0,DE,,,GTUR,Natural gas,0.3592,,,,,,,,,,,,yes,,,,,,,,,,,,,,BASF SE,no
,Kraftwerk Mitte,497.5,1.0,DE,,,COMC,Natural gas,0.5625,,,,,,,,,,,,yes,,,540,,,,,,,,,,,BASF SE,no
,Kraftwerk Süd,410.0,1.0,DE,,,COMC,Natural gas,0.5265,,,,,,,,,,,,yes,,,420,,,,,,,,,,,BASF SE,no
,Kraftwerk Mainz,769.2,2.0,DE,,,COMC,Natural gas,0.486,,,,,,,,,,,,yes,,,160,,,,,,,,,,,Kraftwerke Mainz-Wiesbaden AG,yes
,Kraftwerk III,138.7,2.0,DE,,,COMC,Natural gas,0.5535,,,,,,,,,,,,yes,,,390.0,,,,,,,,,,,Evonik Degussa GmbH,yes
,Freimann GT 1,80.0,1.0,DE,,,GTUR,Natural gas,,,,,,,,,,,,,yes,,,,,,,,,,,,,,SWM Services GmbH,no
,Freimann GT 2,80.0,1.0,DE,,,GTUR,Natural gas,,,,,,,,,,,,,no,,,,,,,,,,,,,,SWM Services GmbH,no
,Süd DT1,79.7,1.0,DE,,,COMC,Natural gas,0.45,,,,,,,,,,,,yes,,,75.21597096188748,,,,,,,,,,,SWM Services GmbH,no
,Süd GT3,97.9,1.0,DE,,,COMC,Natural gas,0.45,,,,,,,,,,,,yes,,,92.39201451905626,,,,,,,,,,,SWM Services GmbH,no
,Süd GT2,97.9,1.0,DE,,,COMC,Natural gas,0.45,,,,,,,,,,,,yes,,,92.39201451905626,,,,,,,,,,,SWM Services GmbH,no
,Süd GT 61,124.9,1.0,DE,,,COMC,Natural gas,0.558,,,,,,,,,,,,yes,,,153.63629117959618,,,,,,,,,,,SWM Services GmbH,no
,Süd GT 62,123.9,1.0,DE,,,COMC,Natural gas,0.558,,,,,,,,,,,,yes,,,152.40621679064827,,,,,,,,,,,SWM Services GmbH,no
,Süd DT60,127.6,1.0,DE,,,COMC,Natural gas,0.558,,,,,,,,,,,,yes,,,156.95749202975557,,,,,,,,,,,SWM Services GmbH,no
,Heizkraftwerk Hafen,104.14,1.0,DE,,,COMC,Natural gas,0.5625,,,,,,,,,,,,yes,,,120,,,,,,,,,,,Stadtwerke Münster GmbH,no
,GuD-HKW Neubrandenburg,75.0,1.0,DE,,,COMC,Natural gas,0.5265,,,,,,,,,,,,yes,,,,,,,,,,,,,,Neubrandenburger Stadtwerke GmbH,no
,Cogeneration,25.4,1.0,DE,,,STUR,Natural gas,0.3806,,,,,,,,,,,,yes,,,,,,,,,,,,,,Bayernoil Raffineriegesellschaft mbH,no
,Thyrow,296.0,8.0,DE,,,GTUR,Natural gas,0.34724,,,,,,,,,,,,no,,,0.0,,,,,,,,,,,Lausitz Energie Kraftwerke AG,yes
,HKW Sandreuth,75.0,1.0,DE,,,COMC,Natural gas,0.5625,,,,,,,,,,,,yes,,,142.85714285714286,,,,,,,,,,,N-ERGIE AG,no
,HKW Sandreuth,75.0,1.0,DE,,,COMC,Natural gas,0.5625,,,,,,,,,,,,yes,,,142.85714285714286,,,,,,,,,,,N-ERGIE AG,no
,Franken 1,823.0,2.0,DE,,,COMC,Natural gas,0.42525,,,,,,,,,,,,no,,,30.0,,,,,,,,,,,Uniper Kraftwerke GmbH ,yes
,HKW 1,47.6,2.0,DE,,,STUR,Natural gas,0.36685,,,,,,,,,,,,yes,,,0.0,,,,,,,,,,,Energieversorgung Oberhausen AG,yes
,Obernburg,100.0,2.0,DE,,,COMC,Natural gas,0.34875,,,,,,,,,,,,yes,,,112.0,,,,,,,,,,,Kraftwerk Obernburg GmbH,yes
,Heizkraftwerk Pforzheim GmbH,11.3,1.0,DE,,,STUR,Natural gas,,,,,,,,,,,,,yes,,,,,,,,,,,,,,Heizkraftwerk Pforzheim GmbH,no
,Heizkraftwerk Pforzheim GmbH,41.2,1.0,DE,,,COMC,Natural gas,0.45,,,,,,,,,,,,yes,,,,,,,,,,,,,,Heizkraftwerk Pforzheim GmbH,no
,Hattorf,52.0,1.0,DE,,,STUR,Natural gas,0.3993,,,,,,,,,,,,yes,,,,,,,,,,,,,,K+S AG,no
,Kraftwerk Plattling,118.5,1.0,DE,,,COMC,Natural gas,0.585,,,,,,,,,,,,yes,,,150,,,,,,,,,,,Kraftwerk Platting GmbH,no
,Kraftwerk Veltheim,65.0,1.0,DE,,,GTUR,Natural gas,0.3124,,,,,,,,,,,,no,,,,,,,,,,,,,,Uniper Kraftwerke GmbH ,no
,Kraftwerk Veltheim,335.0,1.0,DE,,,STUR,Natural gas,0.3575,,,,,,,,,,,,no,,,,,,,,,,,,,,Uniper Kraftwerke GmbH ,no
,HKW Potsdam-Süd,81.8,1.0,DE,,,STUR,Natural gas,0.3806,,,,,,,,,,,,yes,,,,,,,,,,,,,,Energie und Wasser Potsdam GmbH,no
,BHKW-Hauffstraße,9.84,1.0,DE,,,ICEN,Natural gas,0.4574,,,,,,,,,,,,yes,,,,,,,,,,,,,,FairEnergie GmbH,no
,Solvay Kraftwerk Rheinberg,79.0,1.0,DE,,,STUR,Natural gas,0.3421,,,,,,,,,,,,yes,,,,,,,,,,,,,,Solvay Chemicals GmbH,no
,Gasmotore,9.81,1.0,DE,,,ICEN,Natural gas,0.4574,,,,,,,,,,,,yes,,,,,,,,,,,,,,Stadtwerke Rosenheim GmbH & Co. KG,no
,Gasmotor 4,9.2,1.0,DE,,,ICEN,Natural gas,0.4602,,,,,,,,,,,,yes,,,,,,,,,,,,,,Stadtwerke Rosenheim GmbH & Co. KG,no
,Gasmotor 5,4.3,1.0,DE,,,ICEN,Natural gas,0.4588,,,,,,,,,,,,yes,,,,,,,,,,,,,,Stadtwerke Rosenheim GmbH & Co. KG,no
,GuD Marienehe,108.0,1.0,DE,,,COMC,Natural gas,0.522,,,,,,,,,,,,yes,,,120,,,,,,,,,,,Stadtwerke Rostock AG,no
,HKW Schwarza,26.5,1.0,DE,,,STUR,Natural gas,0.3146,,,,,,,,,,,,yes,,,,,,,,,,,,,,TWS Thüringer Wärme Service GmbH,no
,GuD-Anlage Rüsselsheim,112.1,1.0,DE,,,COMC,Natural gas,0.5355,,,,,,,,,,,,yes,,,88,,,,,,,,,,,Opel Automobile GmbH ,no
,HKW Römerbrücke,75.0,1.0,DE,,,COMC,Natural gas,0.5625,,,,,,,,,,,,yes,,,141.0,,,,,,,,,,,Energie SaarLorLux AG,no
,GuD Schwarzheide,122.0,1.0,DE,,,COMC,Natural gas,0.513,,,,,,,,,,,,yes,,,209,,,,,,,,,,,BASF Schwarzheide GmbH,no
,HKW Schwerin Süd,67.9,2.0,DE,,,STUR,Natural gas,0.3784,,,,,,,,,,,,yes,,,0.0,,,,,,,,,,,Energieversorgung Schwerin GmbH & Co. Erzeugung KG,yes
,GuD Anlage Spreetal,50.0,1.0,DE,,,COMC,Natural gas,,,,,,,,,,,,,no,,,,,,,,,,,,,,Alpiq Spreetal GmbH,no
,Dow Stade,190.0,1.0,DE,,,STUR,Natural gas,,,,,,,,,,,,,yes,,,,,,,,,,,,,,Dow Deutschland Anlagengesellschaft mbH,no
,Dow Stade,157.0,1.0,DE,,,COMC,Natural gas,0.6075,,,,,,,,,,,,yes,,,n.b.,,,,,,,,,,,Dow Deutschland Anlagengesellschaft mbH,no
,GuD-Ikw Staßfurt,109.0,2.0,DE,,,COMC,Natural gas,0.6075,,,,,,,,,,,,yes,,,160.0,,,,,,,,,,,CIECH Energy Deutschland GmbH,yes
,Heizkraftwerk Stuttgart-Gaisburg,55.0,1.0,DE,,,GTUR,Natural gas,,,,,,,,,,,,,no,,,,,,,,,,,,,,EnBW Energie Baden-Württemberg AG,no
,BHKW Obere Viehweide,13.4,1.0,DE,,,STUR,Natural gas,0.385,,,,,,,,,,,,yes,,,,,,,,,,,,,,Stadtwerke Tübingen GmbH,no
,Gemeinschaftskraftwerk Irsching ,846.0,1.0,DE,,,COMC,Natural gas,0.585,,,,,,,,,,,,no,,,n.b.,,,,,,,,,,,Gemeinschaftskraftwerk Irsching GmbH,no
,Ulrich Hartmann (Irsching),561.0,1.0,DE,,,COMC,Natural gas,0.5895,,,,,,,,,,,,no,,,n.b.,,,,,,,,,,,Uniper Kraftwerke GmbH ,no
,Weisweiler,200.0,1.0,DE,,,GTUR,Natural gas,0.3956,,,,,,,,,,,,no,,,,,,,,,,,,,,RWE Power AG,no
,Weisweiler,200.0,1.0,DE,,,GTUR,Natural gas,0.3956,,,,,,,,,,,,no,,,,,,,,,,,,,,RWE Power AG,no
,Gersteinwerk,55.0,1.0,DE,,,COMC,Natural gas,0.4185,,,,,,,,,,,,no,,,,,,,,,,,,,,RWE Generation SE,no
,Gersteinwerk,55.0,1.0,DE,,,COMC,Natural gas,0.4185,,,,,,,,,,,,no,,,,,,,,,,,,,,RWE Generation SE,no
,Gersteinwerk,55.0,1.0,DE,,,STUR,Natural gas,0.3553,,,,,,,,,,,,no,,,,,,,,,,,,,,RWE Generation SE,no
,Gersteinwerk,55.0,1.0,DE,,,STUR,Natural gas,0.3553,,,,,,,,,,,,no,,,,,,,,,,,,,,RWE Generation SE,no
,Gersteinwerk,355.0,1.0,DE,,,STUR,Natural gas,0.3553,,,,,,,,,,,,no,,,,,,,,,,,,,,RWE Generation SE,no
,Gersteinwerk,355.0,1.0,DE,,,COMC,Natural gas,0.4185,,,,,,,,,,,,no,,,,,,,,,,,,,,RWE Generation SE,no
,Gersteinwerk,355.0,1.0,DE,,,COMC,Natural gas,0.4185,,,,,,,,,,,,no,,,,,,,,,,,,,,RWE Generation SE,no
,Gersteinwerk,112.0,1.0,DE,,,GTUR,Natural gas,0.3384,,,,,,,,,,,,no,,,,,,,,,,,,,,RWE Generation SE,no
,Wi-Biebrich,25.015,1.0,DE,,,STUR,Natural gas,0.3916,,,,,,,,,,,,yes,,,,,,,,,,,,,,InfraServ GmbH & Co. Wiesbaden KG,no
,Spitzenlastkraftwerk Wolfen,40.0,1.0,DE,,,STUR,Natural gas,0.3817,,,,,,,,,,,,no,,,,,,,,,,,,,,envia THERM GmbH,no
,HKW Barmen,88.019,1.0,DE,,,COMC,Natural gas,0.5625,,,,,,,,,,,,yes,,,80.0,,,,,,,,,,,WSW Energie & Wasser AG,no
,Heizkraftwerke an der Friedensbrücke,23.0,1.0,DE,,,STUR,Natural gas,0.3531,,,,,,,,,,,,yes,,,,,,,,,,,,,,Heizkraftwerk Würzburg GmbH,no
,Heizkraftwerke an der Friedensbrücke,25.0,1.0,DE,,,STUR,Natural gas,0.3773,,,,,,,,,,,,yes,,,,,,,,,,,,,,Heizkraftwerk Würzburg GmbH,no
,Heizkraftwerke an der Friedensbrücke,29.5,1.0,DE,,,GTUR,Natural gas,0.4034,,,,,,,,,,,,yes,,,,,,,,,,,,,,Heizkraftwerk Würzburg GmbH,no
,Heizkraftwerke an der Friedensbrücke,44.5,1.0,DE,,,GTUR,Natural gas,0.393,,,,,,,,,,,,yes,,,,,,,,,,,,,,Heizkraftwerk Würzburg GmbH,no
,Zielitz,27.0,1.0,DE,,,STUR,Natural gas,0.3806,,,,,,,,,,,,yes,,,,,,,,,,,,,,K+S AG,no
,Gaskraftwerk,28.3,2.0,DE,,,STUR,Natural gas,0.3772999999999999,,,,,,,,,,,,yes,,,0.0,,,,,,,,,,,Smurfit Kappa Zülpich Papier GmbH,yes
,UPM Augsburg,29.0,1.0,DE,,,STUR,Natural gas,0.3487,,,,,,,,,,,,yes,,,,,,,,,,,,,,UPM GmbH Werk Augsburg,no
,Heizkraftwerk,20.4,1.0,DE,,,STUR,Natural gas,0.3586,,,,,,,,,,,,yes,,,,,,,,,,,,,,Stadtwerke Augsburg Energie GmbH,no
,HKW Bad Salzungen,9.7,1.0,DE,,,STUR,Natural gas,0.3784,,,,,,,,,,,,yes,,,,,,,,,,,,,,TEAG Thüringer Energie AG,no
,Industriekraftwerk Breuberg,11.4,1.0,DE,,,STUR,Natural gas,0.3839,,,,,,,,,,,,yes,,,,,,,,,,,,,,Pirelli Deutschland GmbH,no
,Energiezentrale,10.2,1.0,DE,,,GTUR,Natural gas,0.3566,,,,,,,,,,,,yes,,,,,,,,,,,,,,RÜTGERS Germany GmbH,no
,Energiezentrale,0.9,1.0,DE,,,STUR,Natural gas,0.3905,,,,,,,,,,,,yes,,,,,,,,,,,,,,RÜTGERS Germany GmbH,no
,Heizkraftwerk,10.0,1.0,DE,,,GTUR,Natural gas,0.3774,,,,,,,,,,,,yes,,,,,,,,,,,,,,Merck KGaA,no
,GHD,13.4,2.0,DE,,,GTUR,Natural gas,0.3722,,,,,,,,,,,,yes,,,0.0,,,,,,,,,,,GHD Bayernwerk Natur GmbH & Co. KG,yes
,"MT, Düren",14.0,1.0,DE,,,STUR,Natural gas,0.319,,,,,,,,,,,,yes,,,,,,,,,,,,,,Metsä Tissue GmbH (Werk Düren),no
,BHKW an Klinkerweg,10.2,1.0,DE,,,STUR,Natural gas,0.385,,,,,,,,,,,,yes,,,,,,,,,,,,,,Stadtwerke Erkrath GmbH,no
,KWKK Heidelberg,13.5,1.0,DE,,,STUR,Natural gas,0.3861,,,,,,,,,,,,yes,,,,,,,,,,,,,,innogy SE,no
,P&L Werk Appeldorn,11.4,1.0,DE,,,STUR,Natural gas,0.3872,,,,,,,,,,,,yes,,,,,,,,,,,,,,Pfeifer & Langen GmbH & Co. KG,no
,HKW Merkenich,15.5,1.0,DE,,,STUR,Natural gas,0.396,,,,,,,,,,,,yes,,,28.6784140969163,,,,,,,,,,,RheinEnergie AG,no
,HKW Merheim,15.8,1.0,DE,,,COMC,Natural gas,0.5445,,,,,,,,,,,,yes,,,,,,,,,,,,,,RheinEnergie AG,no
,P&L Werk Lage,10.2,1.0,DE,,,STUR,Natural gas,0.4037,,,,,,,,,,,,yes,,,,,,,,,,,,,,Pfeifer & Langen GmbH & Co. KG,no
,HKW-West,22.7,2.0,DE,,,STUR,Natural gas,0.37455,,,,,,,,,,,,yes,,,0.0,,,,,,,,,,,Stadtwerke Lemgo GmbH,yes
,BHKW Ludwigshafen,12.5,1.0,DE,,,STUR,Natural gas,0.3938,,,,,,,,,,,,yes,,,,,,,,,,,,,,MVV Energie AG,no
,Industriekraftwerk Ludwigshafen,11.96,1.0,DE,,,COMC,Natural gas,0.5535,,,,,,,,,,,,yes,,,,,,,,,,,,,,MVV Energie AG,no
,GuD-Kraftwerk,17.2,1.0,DE,,,COMC,Natural gas,0.5625,,,,,,,,,,,,yes,,,,,,,,,,,,,,Energie- und Medienversorgung Sandhofer Straße GmbH & Co. KG,no
,PWG,10.6,2.0,DE,,,STUR,Natural gas,0.3718,,,,,,,,,,,,yes,,,0.0,,,,,,,,,,,Peißenberger Wärmegesellschaft mbH,yes
,Kraftwerk Meggle,15.1,1.0,DE,,,STUR,Natural gas,0.385,,,,,,,,,,,,yes,,,,,,,,,,,,,,Molkerei MEGGLE Wasserburg GmbH & Co. KG,no
,UPM Schongau,64.0,1.0,DE,,,STUR,Natural gas,0.3344,,,,,,,,,,,,yes,,,,,,,,,,,,,,UPM GmbH,no
,HKW3 UPM Schongau,76.0,1.0,DE,,,STUR,Natural gas,0.4004,,,,,,,,,,,,yes,,,,,,,,,,,,,,UPM GmbH,no
,Heizkraftwerk Sindelfingen,129.14,3.0,DE,,,STUR,Natural gas,0.3989333333333333,,,,,,,,,,,,yes,,,102.0,,,,,,,,,,,Daimler AG,yes
,HKW Bohrhügel,13.5,1.0,DE,,,STUR,Natural gas,0.3795,,,,,,,,,,,,yes,,,,,,,,,,,,,,Stadtwerke Suhl/Zella-Mehlis GmbH,no
,Unterbreizbach,20.0,1.0,DE,,,STUR,Natural gas,0.3795,,,,,,,,,,,,yes,,,,,,,,,,,,,,K+S AG,no
,Co-Generation,11.5,1.0,DE,,,STUR,Natural gas,0.3751,,,,,,,,,,,,yes,,,,,,,,,,,,,,Grace GmbH,no
,Sigmundshall,11.0,1.0,DE,,,STUR,Natural gas,0.3564,,,,,,,,,,,,yes,,,,,,,,,,,,,,K+S AG,no
,IHKW Heidenheim,31.65,2.0,DE,,,STUR,Natural gas,0.37565,,,,,,,,,,,,yes,,,0.0,,,,,,,,,,,Sales & Solutions GmbH,yes
,Kraftwerk,3.0,1.0,DE,,,STUR,Natural gas,0.3795,,,,,,,,,,,,yes,,,,,,,,,,,,,,Martinswerk GmbH,no
,Energiezentrale 1992,26.3,2.0,DE,,,STUR,Natural gas,0.3883,,,,,,,,,,,,yes,,,0.0,,,,,,,,,,,Flughafen München GmbH,yes
,Erweiterung Energiezentrale 2003,7.44,1.0,DE,,,STUR,Natural gas,0.3883,,,,,,,,,,,,yes,,,,,,,,,,,,,,Terminal 2 Gesellschaft mbH & Co oHG,no
,HBB,24.0,1.0,DE,,,STUR,Natural gas,0.3861,,,,,,,,,,,,yes,,,,,,,,,,,,,,HBB Heizkraftwerk Bauernfeind Betreibergesellschaft mbh,no
,K&N PFK AG EV,13.11,1.0,DE,,,COMC,Natural gas,0.5085,,,,,,,,,,,,yes,,,,,,,,,,,,,,Kübler & Niethammer Papierfabrik Kriebstein AG,no
,INEOS Kraftwerk,24.0,1.0,DE,,,STUR,Natural gas,0.3795,,,,,,,,,,,,yes,,,,,,,,,,,,,,INEOS Solvents Germany GmbH,no
,HKW Pfaffenwald,35.1375,3.0,DE,,,STUR,Natural gas,0.3575,,,,,,,,,,,,yes,,,0.0,,,,,,,,,,,Universität Stuttgart,yes
,KWK-Anlage,14.8,1.0,DE,,,COMC,Natural gas,0.549,,,,,,,,,,,,yes,,,,,,,,,,,,,,CR3-Kaffeeveredelung M. Hermsen GmbH,no
,PKV Kraftwerk,58.1,1.0,DE,,,STUR,Natural gas,0.3729,,,,,,,,,,,,yes,,,,,,,,,,,,,,Papier- u. Kartonfabrik Varel GmbH & Co. KG,no
,PKV Kraftwerk,0.48,1.0,DE,,,STUR,Natural gas,0.3498,,,,,,,,,,,,no,,,,,,,,,,,,,,Papier- u. Kartonfabrik Varel GmbH & Co. KG,no
,Holthausen,84.0,1.0,DE,,,STUR,Natural gas,0.3278,,,,,,,,,,,,yes,,,,,,,,,,,,,,Henkel AG & Co. KGaA,no
,Heizkraftwerk,27.0,1.0,DE,,,STUR,Natural gas,,,,,,,,,,,,,yes,,,,,,,,,,,,,,DS Smith Paper Deutschland GmbH,no
,GuD-Anlage,47.0,1.0,DE,,,COMC,Natural gas,0.5985,,,,,,,,,,,,yes,,,,,,,,,,,,,,DS Smith Paper Deutschland GmbH,no
,EVC / GLOBALFOUNDRIES,34.3,1.0,DE,,,STUR,Natural gas,0.3828,,,,,,,,,,,,yes,,,,,,,,,,,,,,Energieversorgungscenter Dresden-Wilschdorf GmbH & Co. KG,no
,EZ1,23.3,1.0,DE,,,STUR,Natural gas,0.3773,,,,,,,,,,,,no,,,,,,,,,,,,,,"Südzucker AG, Werk Zeitz",no
,Heizkraftwerk zur Papierfabrik,18.1,1.0,DE,,,STUR,Natural gas,0.3806,,,,,,,,,,,,yes,,,,,,,,,,,,,,Delkeskamp Verpackungswerke GmbH,no
,Steinitz,11.4,1.0,DE,,,STUR,Natural gas,0.3839,,,,,,,,,,,,yes,,,,,,,,,,,,,,Neptune Energy Deutschland GmbH,no
,FS-Karton,18.879,1.0,DE,,,STUR,Natural gas,0.3762,,,,,,,,,,,,yes,,,,,,,,,,,,,,FS-Karton GmbH,no
,STW,18.72,1.0,DE,,,STUR,Natural gas,0.3817,,,,,,,,,,,,yes,,,,,,,,,,,,,,Schoeller Technocell GmbH & Co. KG,no
,Heizkraftwerk Evonik Rheinfelden,15.68,1.0,DE,,,STUR,Natural gas,0.3619,,,,,,,,,,,,yes,,,,,,,,,,,,,,Evonik Degussa GmbH,no
,KWK AOS GmbH,30.72,1.0,DE,,,GTUR,Natural gas,0.4112,,,,,,,,,,,,yes,,,,,,,,,,,,,,Aluminium Oxid Stade GmbH,no
,GT1 ,18.6,4.0,DE,,,GTUR,Natural gas,0.36375,,,,,,,,,,,,yes,,,0.0,,,,,,,,,,,Prinovis GmbH & Co. KG,yes
,GUD-Anlage DREWSEN,13.0,1.0,DE,,,COMC,Natural gas,0.54,,,,,,,,,,,,yes,,,,,,,,,,,,,,DREWSEN SPEZIALPAPIERE GmbH & Co. KG,no
,Gas- u. Dampfturbinenanlage Südraum,38.61,1.0,DE,,,STUR,Natural gas,0.3982,,,,,,,,,,,,yes,,,,,,,,,,,,,,ZF Friedrichshafen AG,no
,GTKW Darmstadt,94.6,1.0,DE,,,GTUR,Natural gas,0.4138,,,,,,,,,,,,no,,,,,,,,,,,,,,Entega AG,no
,Heizkraftwerk Stendal,13.2,1.0,DE,,,STUR,Natural gas,0.3784,,,,,,,,,,,,yes,,,,,,,,,,,,,,"Stadtwerke - Altmärkische Gas-, Wasser- u. E-Werke Stendal GmbH",no
,Kraftwerk 3,33.7,2.0,DE,,,STUR,Natural gas,0.3817,,,,,,,,,,,,yes,,,0.0,,,,,,,,,,,Papierfabrik Adolf Jass GmbH & Co. KG,yes
,Werk Nordstemmen,30.6,1.0,DE,,,STUR,Natural gas,0.3333,,,,,,,,,,,,yes,,,,,,,,,,,,,,"Nordzucker AG, Werk Nordstemmen",no
,Werk Clauen,17.11,1.0,DE,,,STUR,Natural gas,0.3883,,,,,,,,,,,,yes,,,,,,,,,,,,,,"Nordzucker AG, Werk Clauen",no
,Heizkraftwerk Krefeld,12.6,1.0,DE,,,STUR,Natural gas,0.3971,,,,,,,,,,,,yes,,,,,,,,,,,,,,SWK ENERGIE GmbH,no
,HKW Wiesengrund,22.1,1.0,DE,,,STUR,Natural gas,0.3773,,,,,,,,,,,,yes,,,,,,,,,,,,,,Opel Automobile GmbH,no
,Werk Klein Wanzleben,23.4,1.0,DE,,,STUR,Natural gas,0.3784,,,,,,,,,,,,no,,,,,,,,,,,,,,Nordzucker AG,no
,BP Werk Lingen,66.0,1.0,DE,,,STUR,Natural gas,0.3806,,,,,,,,,,,,yes,,,,,,,,,,,,,,BP Europa SE,no
,HKW 1 Werk Offstein,30.0,1.0,DE,,,STUR,Natural gas,0.3421,,,,,,,,,,,,yes,,,,,,,,,,,,,,Südzucker AG Mannheim,no
,Gemeinschaftskraftwerk Weig,11.4,1.0,DE,,,COMC,Natural gas,0.504,,,,,,,,,,,,yes,,,,,,,,,,,,,,Moritz J. Weig GmbH & Co KG,no
,Gemeinschaftskraftwerk Weig,27.4,1.0,DE,,,COMC,Natural gas,0.5985,,,,,,,,,,,,yes,,,,,,,,,,,,,,Moritz J. Weig GmbH & Co KG,no
,Gemeinschaftskraftwerk Weig,8.4,1.0,DE,,,STUR,Natural gas,0.3531,,,,,,,,,,,,yes,,,,,,,,,,,,,,Moritz J. Weig GmbH & Co KG,no
,Industriekraftwerk Greifswald,38.0,1.0,DE,,,STUR,Natural gas,0.3993,,,,,,,,,,,,yes,,,,,,,,,,,,,,Industriekraftwerk Greifswald GmbH,no
,HKW Freiberg,13.4,1.0,DE,,,STUR,Natural gas,0.3993,,,,,,,,,,,,yes,,,,,,,,,,,,,,Freiberger Erdgas GmbH,no
,Kraftwerk IV,60.76,1.0,DE,,,STUR,Natural gas,0.4026,,,,,,,,,,,,yes,,,,,,,,,,,,,,Evonik Degussa GmbH,no
,BHKW Braunschweig,10.4,1.0,DE,,,STUR,Natural gas,0.4004,,,,,,,,,,,,yes,,,,,,,,,,,,,,Volkswagen AG,no
,Niehl 3,459.9,1.0,DE,,,STUR,Natural gas,0.4026,,,,,,,,,,,,yes,,,,,,,,,,,,,,RheinEnergie AG,no
,Heizkraftwerk FL,78.0,1.0,DE,,,COMC,Natural gas,0.612,,,,,,,,,,,,yes,,,110.72195121951219,,,,,,,,,,,Stadtwerke Flensburg GmbH,no
,KW Mittelsbüren,444.5,1.0,DE,,,COMC,Natural gas,0.612,,,,,,,,,,,,no,,,,,,,,,,,,,,Gemeinschaftskraftwerk Bremen GmbH und Co. KG,no
,Energieversogung Wedding,15.0,1.0,DE,,,STUR,Natural gas,0.3542,,,,,,,,,,,,yes,,,,,,,,,,,,,,Bayer AG,no
,Ford Saarlouis,22.0,1.0,DE,,,STUR,Natural gas,0.4026,,,,,,,,,,,,yes,,,,,,,,,,,,,,Ford-Werke GmbH,no
,Regensburg,13.25,2.0,DE,,,STUR,Natural gas,0.4004,,,,,,,,,,,,yes,,,0.0,,,,,,,,,,,BMW AG,yes
,Gasturbinen-HKW St. Wendel,19.5,1.0,DE,,,GTUR,Natural gas,0.4164,,,,,,,,,,,,yes,,,,,,,,,,,,,,Fresenius Medical Care Deutschland GmbH,no
,HKW West M5,38.7,1.0,DE,,,STUR,Natural gas,0.4048,,,,,,,,,,,,yes,,,,,,,,,,,,,,Mainova AG,no
,KWK Dingolfing BA 1,16.0,1.0,DE,,,STUR,Natural gas,0.4037,,,,,,,,,,,,yes,,,,,,,,,,,,,,BMW AG,no
,K5/T7,29.0,1.0,DE,,,STUR,Natural gas,0.4026,,,,,,,,,,,,yes,,,,,,,,,,,,,,Stadtwerke Flensburg GmbH,no
,HKW 3 Stuttgart-Gaisburg,29.151,1.0,DE,,,STUR,Natural gas,0.4048,,,,,,,,,,,,yes,,,,,,,,,,,,,,EnBW Energie Baden-Württemberg AG,no
,HKW Dresden-Nord,11.5,1.0,DE,,,STUR,Natural gas,0.4048,,,,,,,,,,,,yes,,,,,,,,,,,,,,DREWAG Stadtwerke Dresden GmbH,no
,HKW Lusan,39.400000000000006,2.0,DE,,,STUR,Natural gas,0.4048,,,,,,,,,,,,yes,,,0.0,,,,,,,,,,,ENGIE Deutschland GmbH,yes
,GM,10.0,1.0,DE,,,STUR,Natural gas,0.4048,,,,,,,,,,,,yes,,,,,,,,,,,,,,TEAG Thüringer Energie AG,no
,KWK Landshut,17.6,1.0,DE,,,STUR,Natural gas,0.4059,,,,,,,,,,,,yes,,,,,,,,,,,,,,BMW AG,no
,Dampfturbine 5,38.7,1.0,DE,,,STUR,Natural gas,0.4048,,,,,,,,,,,,yes,,,,,,,,,,,,,,Mainova AG,no
,KWK-Anlage Neukochen,15.0,1.0,DE,,,STUR,Natural gas,0.341,,,,,,,,,,,,yes,,,,,,,,,,,,,,Papierfabrik Palm GmbH & Co. KG,no
,Dingolfing BA2,13.5,1.0,DE,,,STUR,Natural gas,0.4059,,,,,,,,,,,,yes,,,,,,,,,,,,,,BMW AG,no
,Werk 1.1,13.5,1.0,DE,,,STUR,Natural gas,0.4059,,,,,,,,,,,,yes,,,,,,,,,,,,,,BMW AG,no
,Werk 1.5,13.6,1.0,DE,,,STUR,Natural gas,0.4059,,,,,,,,,,,,yes,,,,,,,,,,,,,,BMW AG,no
,Brokdorf,4180.0,3.0,DE,,,STUR,Nuclear,0.33,,,,,,,,,,,,no,,,0.0,,,,,,,,,,,Preussen Elektra GmbH,yes
,Grafenrheinfeld,1275.0,1.0,DE,,,STUR,Nuclear,,,,,,,,,,,,,no,,,,,,,,,,,,,,E.ON Kernkraft GmbH,no
,Kernkraft Gundremmingen ,2572.0,2.0,DE,,,STUR,Nuclear,0.33,,,,,,,,,,,,no,,,0.0,,,,,,,,,,,RWE Power AG,yes
,Kernkraftwerk Emsland,1336.0,1.0,DE,,,STUR,Nuclear,0.33,,,,,,,,,,,,no,,,,,,,,,,,,,,RWE Power AG,no
,Gemeinschaftskernkraftwerk Neckarwestheim II,1310.0,1.0,DE,,,STUR,Nuclear,0.33,,,,,,,,,,,,no,,,,,,,,,,,,,,EnBW Energie Baden-Württemberg AG,no
,Kernkraftwerk Philippsburg 2,1402.0,1.0,DE,,,STUR,Nuclear,0.33,,,,,,,,,,,,no,,,,,,,,,,,,,,EnBW Energie Baden-Württemberg AG,no
,Werkskraftwerk Sappi Alfeld,2.8,1.0,DE,,,STUR,Oil,0.3784,,,,,,,,,,,,no,,,,,,,,,,,,,,Sappi Alfeld GmbH,no
,Wilmersdorf,276.0,2.0,DE,,,GTUR,Oil,0.3202,,,,,,,,,,,,yes,,,0.0,,,,,,,,,,,Vattenfall Wärme Berlin AG,yes
,Moabit,34.0,1.0,DE,,,GTUR,Oil,0.3046,,,,,,,,,,,,no,,,,,,,,,,,,,,Vattenfall Wärme Berlin AG,no
,Moabit,17.0,1.0,DE,,,GTUR,Oil,0.3046,,,,,,,,,,,,no,,,,,,,,,,,,,,Vattenfall Wärme Berlin AG,no
,KW Mittelsbüren,86.0,1.0,DE,,,GTUR,Oil,0.315,,,,,,,,,,,,no,,,,,,,,,,,,,,swb Erzeugung AG & Co. KG,no
,Brunsbüttel,254.0,4.0,DE,,,GTUR,Oil,,,,,,,,,,,,,no,,,0.0,,,,,,,,,,,Vattenfall Europe Nuclear Energy GmbH,yes
,GT,86.2,1.0,DE,,,GTUR,Oil,0.3072,,,,,,,,,,,,no,,,,,,,,,,,,,,Stadtwerke Düsseldorf AG,no
,HKW Flensburg,30.0,1.0,DE,,,COMC,Oil,,,,,,,,,,,,,yes,,,42.58536585365854,,,,,,,,,,,Stadtwerke Flensburg GmbH,no
,Kraftwerk Fulda,24.8,1.0,DE,,,STUR,Oil,0.3971,,,,,,,,,,,,no,,,,,,,,,,,,,,RhönEnergie Fulda GmbH,no
,Spitzenlastkraftwerk Sermuth,17.0,1.0,DE,,,STUR,Oil,0.3795,,,,,,,,,,,,no,,,,,,,,,,,,,,envia THERM GmbH,no
,Spitzenlastkraftwerk Großkayna,120.0,1.0,DE,,,GTUR,Oil,0.3644,,,,,,,,,,,,no,,,,,,,,,,,,,,envia THERM GmbH,no
,Ingolstadt,386.0,1.0,DE,,,STUR,Oil,0.3553,,,,,,,,,,,,no,,,,,,,,,,,,,,Uniper Kraftwerke GmbH ,no
,Ingolstadt,386.0,1.0,DE,,,STUR,Oil,0.3564,,,,,,,,,,,,no,,,,,,,,,,,,,,Uniper Kraftwerke GmbH ,no
,Kraftwerk Hausham,93.6,4.0,DE,,,GTUR,Oil,0.3332,,,,,,,,,,,,no,,,0.0,,,,,,,,,,,Peissenberger Kraftwerksgesellschaft mbH,yes
,MiRO,70.0,2.0,DE,,,STUR,Oil,0.3795,,,,,,,,,,,,yes,,,0.0,,,,,,,,,,,MiRO Mineraloelraffinerie Oberrhein GmbH & Co. KG,yes
,Shell Deutschland Oil GmbH,97.1,1.0,DE,,,COMC,Oil,0.38,,,,,,,,,,,,yes,,,235,,,,,,,,,,,Shell Deutschland Oil GmbH,no
,Raffineriekraftwerk,92.5,1.0,DE,,,COMC,Oil,0.38,,,,,,,,,,,,yes,,,208,,,,,,,,,,,TOTAL Raffinerie Mitteldeutschland GmbH,no
,Dampfkraftwerk Marbach am Neckar,77.4,1.0,DE,,,GTUR,Oil,0.3046,,,,,,,,,,,,no,,,,,,,,,,,,,,EnBW Energie Baden-Württemberg AG,no
,Dampfkraftwerk Marbach am Neckar,85.0,1.0,DE,,,COMC,Oil,0.38,,,,,,,,,,,,no,,,,,,,,,,,,,,EnBW Energie Baden-Württemberg AG,no
,Dampfkraftwerk Marbach am Neckar,263.5,1.0,DE,,,COMC,Oil,0.38,,,,,,,,,,,,no,,,,,,,,,,,,,,EnBW Energie Baden-Württemberg AG,no
,Itzehoe,88.0,1.0,DE,,,STUR,Oil,0.3542,,,,,,,,,,,,no,,,,,,,,,,,,,,Uniper Kraftwerke GmbH ,no
,Audorf,87.0,1.0,DE,,,STUR,Oil,0.3553,,,,,,,,,,,,no,,,,,,,,,,,,,,Uniper Kraftwerke GmbH ,no
,IKS PCK Schwedt,333.5,5.0,DE,,,STUR,Oil,0.37906,,,,,,,,,,,,yes,,,0.0,,,,,,,,,,,PCK Raffinerie GmbH,yes
,Restmüll-Heizkraftwerk Stuttgart-Münster,23.3,1.0,DE,,,STUR,Oil,0.3564,,,,,,,,,,,,no,,,95.11506849315069,,,,,,,,,,,EnBW Energie Baden-Württemberg AG,no
,Restmüll-Heizkraftwerk Stuttgart-Münster,23.3,1.0,DE,,,STUR,Oil,0.3564,,,,,,,,,,,,no,,,95.11506849315069,,,,,,,,,,,EnBW Energie Baden-Württemberg AG,no
,Restmüll-Heizkraftwerk Stuttgart-Münster,23.3,1.0,DE,,,STUR,Oil,0.3564,,,,,,,,,,,,no,,,95.11506849315069,,,,,,,,,,,EnBW Energie Baden-Württemberg AG,no
,Irsching,415.0,1.0,DE,,,STUR,Oil,0.3564,,,,,,,,,,,,no,,,25,,,,,,,,,,,Uniper Kraftwerke GmbH ,no
,Kraftwerk Walheim,136.0,1.0,DE,,,GTUR,Oil,0.3306,,,,,,,,,,,,no,,,,,,,,,,,,,,EnBW Energie Baden-Württemberg AG,no
,SKW Gasturbine,24.0,1.0,DE,,,GTUR,Oil,0.3488,,,,,,,,,,,,no,,,,,,,,,,,,,,Allgäuer Überlandwerk GmbH,no
,SKW Diesel,10.5,1.0,DE,,,STUR,Oil,0.3608,,,,,,,,,,,,no,,,,,,,,,,,,,,Allgäuer Überlandwerk GmbH,no
,Wedel,101.0,2.0,DE,,,GTUR,Oil,0.3072,,,,,,,,,,,,no,,,0.0,,,,,,,,,,,Vattenfall Hamburg Wärme GmbH,yes
,Kraftwerk Werdohl-Elverlingsen,206.0,1.0,DE,,,STUR,Oil,0.3575,,,,,,,,,,,,no,,,,,,,,,,,,,,Mark-E AG,no
,Wilhelmshaven,56.0,1.0,DE,,,GTUR,Oil,0.3098,,,,,,,,,,,,no,,,,,,,,,,,,,,Uniper Kraftwerke GmbH ,no
,Spitzenlastanlage Barmen,60.0,1.0,DE,,,COMC,Oil,0.38,,,,,,,,,,,,no,,,54.53368022813257,,,,,,,,,,,WSW Energie & Wasser AG,no
,Zolling,50.0,1.0,DE,,,GTUR,Oil,0.3176,,,,,,,,,,,,no,,,,,,,,,,,,,,ENGIE Deutschland AG,no
,Abfallentsorgungszentrum Asdonkshof,4.8,1.0,DE,,,STUR,Oil,0.3817,,,,,,,,,,,,no,,,,,,,,,,,,,,Kreis Weseler Abfallgesellschaft mbH & Co. KG (KWA),no
,DKW Nord,22.8,2.0,DE,,,STUR,Oil,0.3663,,,,,,,,,,,,no,,,0.0,,,,,,,,,,,Vereinigte Wertach-Elektrizitätswerke GmbH,yes
,Kraftwerk,90.0,1.0,DE,,,STUR,Oil,0.3432,,,,,,,,,,,,yes,,,,,,,,,,,,,,Basell Polyolefine GmbH,no
,Kraftwerk,0.8,1.0,DE,,,STUR,Oil,0.3795,,,,,,,,,,,,no,,,,,,,,,,,,,,Martinswerk GmbH,no
,EEV,38.0,1.0,DE,,,STUR,Oil,0.3784,,,,,,,,,,,,yes,,,,,,,,,,,,,,Nynas GmbH & Co KG ,no
,Notstromdiesel,0.5,1.0,DE,,,STUR,Oil,0.3751,,,,,,,,,,,,,,,,,,,,,,,,,,DS Smith Paper Deutschland GmbH,no
,Spitzenkraftwerk,19.0,1.0,DE,,,STUR,Oil,,,,,,,,,,,,,yes,,,,,,,,,,,,,,Eurowatt Spitzenkraft GmbH,no
,KW Mittelsbüren,160.0,1.0,DE,,,STUR,Other fuels,,,,,,,,,,,,,no,,,,,,,,,,,,,,ArcelorMittal Bremen GmbH,no
,KW Mittelsbüren,110.0,1.0,DE,,,STUR,Other fuels,,,,,,,,,,,,,no,,,,,,,,,,,,,,swb Erzeugung GmbH & Co. KG,no
,Duisburg Ruhrort 2,710.0,6.0,DE,,,STUR,Other fuels,,,,,,,,,,,,,yes,,,150.0,,,,,,,,,,,ThyssenKrupp Steel Europe AG,yes
,EBS-Heizkraftwerk,23.5,1.0,DE,,,STUR,Other fuels,,,,,,,,,,,,,yes,,,,,,,,,,,,,,Progroup Power 1 GmbH,no
,IKW,101.0,2.0,DE,,,STUR,Other fuels,,,,,,,,,,,,,yes,,,80.0,,,,,,,,,,,ArcelorMittal Eisenhüttenstadt GmbH,yes
,HKW West,19.7,1.0,DE,,,STUR,Other fuels,,,,,,,,,,,,,no,,,33.63414634146341,,,,,,,,,,,Mainova AG,no
,Huckingen,606.0,2.0,DE,,,COMC,Other fuels,,,,,,,,,,,,,yes,,,68,,,,,,,,,,,Hüttenwerke Krupp Mannesmann GmbH,yes
,ILK-GuD,8.7,1.0,DE,,,COMC,Other fuels,,,,,,,,,,,,,yes,,,,,,,,,,,,,,InfraLeuna GmbH,no
,ILK-EKT,14.0,1.0,DE,,,STUR,Other fuels,,,,,,,,,,,,,yes,,,,,,,,,,,,,,InfraLeuna GmbH,no
,ILK-GuD,20.0,1.0,DE,,,COMC,Other fuels,,,,,,,,,,,,,no,,,,,,,,,,,,,,InfraLeuna GmbH,no
,Kraftwerk Nord,87.5,1.0,DE,,,COMC,Other fuels,,,,,,,,,,,,,yes,,,280,,,,,,,,,,,BASF SE,no
,Heizkraftwerk NMS,53.6,1.0,DE,,,STUR,Other fuels,,,,,,,,,,,,,yes,,,,,,,,,,,,,,SWN Stadtwerke Neumünster GmbH,no
,Kraftwerk Salzgitter,288.5,3.0,DE,,,STUR,Other fuels,,,,,,,,,,,,,yes,,,0.0,,,,,,,,,,,Salzgitter Flachstahl GmbH,yes
,Gichtgaskraftwerk Dillingen,85.0,1.0,DE,,,STUR,Other fuels,,,,,,,,,,,,,yes,,,,,,,,,,,,,,"Aktien-Gesellschaft der Dillinger Hüttenwerke, ROGESA Roheisengesellschaft Saar mbH und Zentralkokerei Saar GmbH, als Bruchteilsgemeinschaft",no
,UPM Schongau,6.0,1.0,DE,,,STUR,Other fuels,,,,,,,,,,,,,yes,,,,,,,,,,,,,,UPM GmbH,no
,O10,94.2,5.0,DE,,,GTUR,Other fuels,,,,,,,,,,,,,yes,,,0.0,,,,,,,,,,,Ineos Manufacturing Deutschland GmbH,yes
,Oxea GmbH,38.0,1.0,DE,,,STUR,Other fuels,,,,,,,,,,,,,yes,,,,,,,,,,,,,,OXEA Produktion GmbH & Co.KG,no
,DK Kraftwerk,21.0,1.0,DE,,,STUR,Other fuels,,,,,,,,,,,,,yes,,,,,,,,,,,,,,DK Recycling und Roheisen GmbH,no
,EBS-Kraftwerk Witzenhausen,28.0,1.0,DE,,,STUR,Other fuels,,,,,,,,,,,,,yes,,,,,,,,,,,,,,B+T Energie GmbH,no
,Gemeinschaftskraftwerk Weig,10.3,1.0,DE,,,STUR,Other fuels,,,,,,,,,,,,,yes,,,,,,,,,,,,,,Moritz J. Weig GmbH & Co KG,no
,Kraftwerk Raffinerie Heide,44.5,1.0,DE,,,STUR,Other fuels,,,,,,,,,,,,,yes,,,,,,,,,,,,,,Raffinerie Heide GmbH,no
,Werk Kalscheuren,26.5,1.0,DE,,,STUR,Other fuels,,,,,,,,,,,,,no,,,,,,,,,,,,,,Orion Engineered Carbons GmbH,no
,Speicherfarm Leipzig,12.5,1.0,DE,,,STUR,Other fuels,,,,,,,,,,,,,no,,,,,,,,,,,,,,BMW AG,no
,Reuter,36.0,1.0,DE,,,STUR,Waste,0.33,,,,,,,,,,,,yes,,,,,,,,,,,,,,Vattenfall Wärme Berlin AG,no
,Dampfturbinenanlage der EBS-Kessel,35.0,1.0,DE,,,COMC,Waste,0.33,,,,,,,,,,,,yes,,,46.267806267806264,,,,,,,,,,,Solvay Chemicals GmbH,no
,MVA Bielefeld,34.0,1.0,DE,,,STUR,Waste,0.33,,,,,,,,,,,,yes,,,,,,,,,,,,,,MVA Bielefeld-Herford GmbH,no
,Heizkraftwerk Karlstraße,12.0,1.0,DE,,,STUR,Waste,0.33,,,,,,,,,,,,yes,,,,,,,,,,,,,,Energie- und Wasserversorgung Bonn/Rhein-Sieg GmbH,no
,KW Hafen,77.0,2.0,DE,,,STUR,Waste,0.33,,,,,,,,,,,,no,,,0.0,,,,,,,,,,,swb Entsorgung GmbH & Co. KG,yes
,DT,102.6,2.0,DE,,,STUR,Waste,0.33,,,,,,,,,,,,no,,,0.0,,,,,,,,,,,Stadtwerke Düsseldorf AG,yes
,MHKW Frankfurt,72.5,2.0,DE,,,STUR,Waste,0.33,,,,,,,,,,,,yes,,,0.0,,,,,,,,,,,Mainova AG,yes
,EEW Großräschen,23.3,1.0,DE,,,STUR,Waste,0.33,,,,,,,,,,,,yes,,,,,,,,,,,,,,EEW Energy from Waste Großräschen GmbH,no
,MVR Müllverwertung Rugenberger Damm GmbH & Co. KG,24.0,1.0,DE,,,STUR,Waste,0.33,,,,,,,,,,,,yes,,,,,,,,,,,,,,MVR Müllverwertung Rugenberger Damm GmbH & Co. KG,no
,Enertec Hameln,13.2,1.0,DE,,,STUR,Waste,0.33,,,,,,,,,,,,yes,,,,,,,,,,,,,,Enertec Hameln GmbH,no
,EEW Energy from Waste Hannover GmbH,22.5,1.0,DE,,,STUR,Waste,0.33,,,,,,,,,,,,no,,,,,,,,,,,,,,EEW Energy from Waste Hannover GmbH,no
,TRV Buschhaus,37.5,1.0,DE,,,STUR,Waste,0.33,,,,,,,,,,,,no,,,,,,,,,,,,,,EEW Energy from Waste Helmstedt GmbH,no
,Karnap,38.0,1.0,DE,,,STUR,Waste,0.33,,,,,,,,,,,,yes,,,,,,,,,,,,,,RWE Generation SE,no
,TREA Leuna,32.5,2.0,DE,,,STUR,Waste,0.33,,,,,,,,,,,,no,,,0.0,,,,,,,,,,,MVV Energie AG,yes
,Kläranlage,12.0,1.0,DE,,,STUR,Waste,0.33,,,,,,,,,,,,yes,,,,,,,,,,,,,,BASF SE,no
,MHKW Rothensee,58.4,2.0,DE,,,STUR,Waste,0.33,,,,,,,,,,,,yes,,,0.0,,,,,,,,,,,Müllheizkraftwerk Rothensee GmbH,yes
,HKW Mannheim,48.34,6.0,DE,,,STUR,Waste,0.33,,,,,,,,,,,,no,,,0.0,,,,,,,,,,,MVV Energie AG,yes
,HKW Sandreuth,18.0,1.0,DE,,,COMC,Waste,0.33,,,,,,,,,,,,yes,,,34.285714285714285,,,,,,,,,,,N-ERGIE AG,no
,GMVA Niederrhein,61.5,2.0,DE,,,STUR,Waste,0.33,,,,,,,,,,,,yes,,,0.0,,,,,,,,,,,GMVA Gemeinschafts-Müll-Verbrennungsanlage Niederrhein GmbH,yes
,"MHKW, WKW",9.0,1.0,DE,,,STUR,Waste,0.33,,,,,,,,,,,,yes,,,,,,,,,,,,,,Stadtwerke Rosenheim GmbH & Co. KG,no
,IKW Rüdersdorf,30.0,1.0,DE,,,STUR,Waste,0.33,,,,,,,,,,,,no,,,,,,,,,,,,,,Steag GmbH,no
,GKS,24.4,1.0,DE,,,STUR,Waste,0.33,,,,,,,,,,,,yes,,,,,,,,,,,,,,GKS Gemeinschaftskraftwerk Schweinfurt GmbH,no
,Restmüll-Heizkraftwerk Stuttgart-Münster,19.5,1.0,DE,,,STUR,Waste,0.33,,,,,,,,,,,,yes,,,79.6027397260274,,,,,,,,,,,EnBW Energie Baden-Württemberg AG,no
,Nord 1,18.0,1.0,DE,,,STUR,Waste,0.33,,,,,,,,,,,,yes,,,,,,,,,,,,,,SWM Services GmbH,no
,Nord 3,22.0,1.0,DE,,,STUR,Waste,0.33,,,,,,,,,,,,yes,,,,,,,,,,,,,,SWM Services GmbH,no
,MVA Weisweiler,27.0,1.0,DE,,,STUR,Waste,0.33,,,,,,,,,,,,no,,,,,,,,,,,,,,RWE Power AG,no
,PD energy GmbH,9.9,1.0,DE,,,STUR,Waste,0.33,,,,,,,,,,,,yes,,,,,,,,,,,,,,PD energy GmbH,no
,Restmüllheizkraftwerk Böblingen,9.5,1.0,DE,,,STUR,Waste,0.33,,,,,,,,,,,,no,,,,,,,,,,,,,,Zweckverband Restmüllheizkraftwerk Böblingen,no
,BEG,14.0,1.0,DE,,,STUR,Waste,0.33,,,,,,,,,,,,yes,,,,,,,,,,,,,,Bremerhavener Entsorgungsgesellschaft mbH,no
,MHKW Burgkirchen,12.5,1.0,DE,,,STUR,Waste,0.33,,,,,,,,,,,,no,,,,,,,,,,,,,,Zweckverband Abfallverwertung Südostbayern,no
,TREA Breisgau,40.2,3.0,DE,,,STUR,Waste,0.33,,,,,,,,,,,,yes,,,0.0,,,,,,,,,,,EEW Energy from Waste Saarbrücken GmbH,yes
,EEW Göppingen,11.0,1.0,DE,,,STUR,Waste,0.33,,,,,,,,,,,,yes,,,,,,,,,,,,,,EEW Energy from Waste Göppingen GmbH,no
,MVA Hamm,14.6,1.0,DE,,,STUR,Waste,0.33,,,,,,,,,,,,yes,,,,,,,,,,,,,,MHB Hamm Betriebsführungsgesellschaft mbH,no
,RZR Herten I,27.2,2.0,DE,,,STUR,Waste,0.33,,,,,,,,,,,,yes,,,0.0,,,,,,,,,,,AGR Abfallentsorgungsgesellschaft Ruhrgebiet mbH,yes
,MVA Ingolstadt,25.5,1.0,DE,,,STUR,Waste,0.33,,,,,,,,,,,,yes,,,,,,,,,,,,,,Zweckverband Müllverwertungsanlage Ingolstadt (MVA Ingolstadt),no
,Abfallentsorgungszentrum Asdonkshof,16.0,1.0,DE,,,STUR,Waste,0.33,,,,,,,,,,,,yes,,,,,,,,,,,,,,Kreis Weseler Abfallgesellschaft mbH & Co. KG (KWA),no
,Müllheizkraftwerk,44.7,2.0,DE,,,STUR,Waste,0.33,,,,,,,,,,,,yes,,,0.0,,,,,,,,,,,Müllheizkraftwerk Kassel GmbH,yes
,RMVA Köln,63.1,2.0,DE,,,STUR,Waste,0.33,,,,,,,,,,,,yes,,,0.0,,,,,,,,,,,AVG Köln mbH,yes
,MKVA Krefeld,33.1,5.0,DE,,,STUR,Waste,0.33,,,,,,,,,,,,yes,,,0.0,,,,,,,,,,,EGK Entsorgungsgesellschaft Krefeld GmbH & Co.KG,yes
,Thermische Abfallbehandlung Lauta GmbH & Co. oHG,15.7,1.0,DE,,,STUR,Waste,0.33,,,,,,,,,,,,yes,,,,,,,,,,,,,,Steag GmbH,no
,FHKW Ludwigshafen,28.0,1.0,DE,,,STUR,Waste,0.33,,,,,,,,,,,,yes,,,,,,,,,,,,,,Technische Werke Ludwigshafen AG,no
,SITA Abfallverwertung GmbH ,23.0,1.0,DE,,,STUR,Waste,0.33,,,,,,,,,,,,yes,,,,,,,,,,,,,,SUEZ Energie und Verwertung GmbH,no
,MHKW Mainz,15.6,1.0,DE,,,STUR,Waste,0.33,,,,,,,,,,,,yes,,,,,,,,,,,,,,Entsorgungsgesellschaft Mainz mbH,no
,Müllheizkraftwerk Offenbach,14.5,1.0,DE,,,STUR,Waste,0.33,,,,,,,,,,,,yes,,,,,,,,,,,,,,Energieversorgung Offenbach AG,no
,ZWSF,17.0,2.0,DE,,,STUR,Waste,0.33,,,,,,,,,,,,no,,,0.0,,,,,,,,,,,EEW Energy from Waste Premnitz GmbH,yes
,EBS-HKW Rostock,17.0,1.0,DE,,,STUR,Waste,0.33,,,,,,,,,,,,yes,,,,,,,,,,,,,,Vattenfall Europe New Energy Ecopower GmbH,no
,AVA Velsen,16.0,1.0,DE,,,STUR,Waste,0.33,,,,,,,,,,,,no,,,,,,,,,,,,,,AVA Velsen GmbH,no
,Müllkraftwerk Schwandorf,54.0,1.0,DE,,,STUR,Waste,0.33,,,,,,,,,,,,yes,,,,,,,,,,,,,,Zweckverband Müllverwertung Schwandorf,no
,Kraftwerk Schwedt GmbH & Co.KG,28.9,1.0,DE,,,STUR,Waste,0.33,,,,,,,,,,,,yes,,,,,,,,,,,,,,Kraftwerk Schwedt GmbH & Co. KG,no
,REMONDIS Thermische Abfallverwertung GmbH,24.0,1.0,DE,,,STUR,Waste,0.33,,,,,,,,,,,,yes,,,,,,,,,,,,,,REMONDIS Thermische Abfallverwertung GmbH,no
,Restabfallbehandlungsanlage,12.1,1.0,DE,,,STUR,Waste,0.33,,,,,,,,,,,,yes,,,,,,,,,,,,,,Zweckverband für Abfallwirtschaft Südwestthüringen (ZASt),no
,AMK - Abfallentsorgungsgesellschaft des Märkischen Kreises mbH,12.61,1.0,DE,,,STUR,Waste,0.33,,,,,,,,,,,,yes,,,,,,,,,,,,,,AMK - Abfallentsorgungsgesellschaft des Märkischen Kreises mbH,no
,IHKW Andernach,12.5,1.0,DE,,,STUR,Waste,0.33,,,,,,,,,,,,yes,,,,,,,,,,,,,,IHKW Industrieheizkraftwerk Andernach GmbH,no
,AVA GmbH,10.0,1.0,DE,,,STUR,Waste,0.33,,,,,,,,,,,,yes,,,,,,,,,,,,,,AVA Abfallverwertung Augsburg GmbH,no
,Steinbeis Energie,17.0,1.0,DE,,,STUR,Waste,0.33,,,,,,,,,,,,yes,,,,,,,,,,,,,,Steinbeis Energie GmbH,no
,Turbosatz 1,20.7,2.0,DE,,,STUR,Waste,0.33,,,,,,,,,,,,yes,,,0.0,,,,,,,,,,,Zweckverband Abfallwirtschaft Raum Würzburg,yes
,EBKW Knapsack,33.4,1.0,DE,,,STUR,Waste,0.33,,,,,,,,,,,,yes,,,,,,,,,,,,,,EBS - Kraftwerk GmbH,no
,Hamburger Rieger,18.7,1.0,DE,,,STUR,Waste,0.33,,,,,,,,,,,,yes,,,,,,,,,,,,,,Spreestromerzeugungs GmbH,no
,Biomasseheizkraftwerk Wiesbaden,10.5,1.0,DE,,,STUR,Waste,0.33,,,,,,,,,,,,yes,,,,,,,,,,,,,,ESWE BioEnergie GmbH,no
,RAG Anthrazit Ibbenbüren GmbH,33.4,1.0,DE,,,STUR,Other fossil fuels,0.33,,,,,,,,,,,,no,,,,,,,,,,,,,,RAG Anthrazit Ibbenbüren GmbH,no
,"HKW Fenne, Grubengaskraftwerk",42.0,1.0,DE,,,ICEN,Other fossil fuels,0.4462,,,,,,,,,,,,yes,,,,,,,,,,,,,,STEAG New Energies GmbH,no
,Turbine 4,19.3,2.0,DE,,,STUR,Mixed fossil fuels,,,,,,,,,,,,,yes,,,0.0,,,,,,,,,,,KÄMMERER Energie GmbH,yes
